order_id,customer_id,product_id,order_date,quantity,unit_price,order_status,last_updated_ts
O00001,C0001,P043,2025-02-27,4,628.44,RETURNED,2025-03-09 00:00:00
O00002,C0069,P036,2025-03-24,3,342.41,COMPLETED,2025-04-03 00:00:00
O00003,C0041,P020,2025-02-21,5,72.2,COMPLETED,2025-02-28 00:00:00
O00004,C0040,P032,2025-06-05,3,422.59,RETURNED,2025-06-12 00:00:00
O00005,C0099,P013,2024-05-19,5,429.28,RETURNED,2024-05-24 00:00:00
O00006,C0001,P019,2025-08-16,5,509.26,CANCELLED,2025-08-23 00:00:00
O00007,C0142,P049,2024-11-25,4,866.9,CANCELLED,2024-12-04 00:00:00
O00008,C0106,P003,2025-01-25,4,73.79,CANCELLED,2025-02-01 00:00:00
O00009,C0152,P022,2024-04-12,4,305.89,CANCELLED,2024-04-18 00:00:00
O00010,C0020,P031,2024-12-12,3,613.67,COMPLETED,2024-12-17 00:00:00
O00011,C0098,P021,2025-07-08,4,530.72,PENDING,2025-07-11 00:00:00
O00012,C0026,P049,2025-03-30,1,635.48,COMPLETED,2025-03-30 00:00:00
O00013,C0092,P024,2025-06-27,2,653.27,CANCELLED,2025-06-29 00:00:00
O00014,C0098,P040,2025-08-20,4,689.61,PENDING,2025-08-27 00:00:00
O00013,C0092,P024,2025-06-27,2,653.27,CANCELLED,2025-09-04 00:00:00
O00015,C0174,P035,2024-12-19,4,380.04,RETURNED,2024-12-23 00:00:00
O00016,C0099,P031,2025-08-08,4,582.0,PENDING,2025-08-08 00:00:00
O00017,C0071,P001,2024-02-20,,67.57,PENDING,2024-02-23 00:00:00
O00018,C0163,P013,2024-05-20,,575.0,COMPLETED,2024-05-24 00:00:00
O00012,C0026,P049,2025-03-30,1,635.48,RETURNED,2024-06-02 00:00:00
O00019,C0024,P019,2024-06-28,4,582.61,PENDING,2024-07-06 00:00:00
O00020,C0043,P017,2024-10-29,4,199.46,COMPLETED,2024-11-05 00:00:00
O00021,C0058,P044,2025-07-24,4,345.18,COMPLETED,2025-07-28 00:00:00
O00022,C0173,P048,2025-01-25,5,228.46,COMPLETED,2025-02-04 00:00:00
O00020,C0043,P017,2024-10-29,4,199.46,CANCELLED,2025-02-14 00:00:00
O00023,C0057,P042,2024-11-05,4,193.7,COMPLETED,2024-11-05 00:00:00
O00024,C0025,P016,2025-02-01,2,357.81,RETURNED,2025-02-10 00:00:00
O00025,C0107,P042,2025-02-21,4,212.41,PENDING,2025-02-24 00:00:00
O00026,C0093,P007,2025-07-11,3,353.71,COMPLETED,2025-07-17 00:00:00
O00027,C0117,P006,2024-01-22,,518.67,CANCELLED,2024-01-31 00:00:00
O00028,C0142,P014,2024-12-02,2,204.41,COMPLETED,2024-12-06 00:00:00
O00029,C0034,P035,2024-04-22,2,324.5,COMPLETED,2024-04-27 00:00:00
O00030,C0083,P002,2024-05-09,1,117.61,COMPLETED,2024-05-16 00:00:00
O00031,C0152,P007,2024-02-14,2,395.84,PENDING,2024-02-21 00:00:00
O00027,C0117,P006,2024-01-22,,518.67,CANCELLED,2024-03-02 00:00:00
O00032,C0176,P007,2024-03-16,4,302.21,CANCELLED,2024-03-17 00:00:00
O00033,C0150,P036,2025-06-27,4,345.88,RETURNED,2025-06-28 00:00:00
O00034,C0168,P042,2024-08-08,5,282.22,RETURNED,2024-08-13 00:00:00
O00035,C0187,P007,2024-09-18,3,275.16,RETURNED,2024-09-19 00:00:00
O00036,C0111,P007,2024-05-13,3,344.4,PENDING,2024-05-23 00:00:00
O00037,C0171,P049,2024-02-22,,737.7,PENDING,2024-02-23 00:00:00
O00038,C0169,P031,2024-12-24,1,604.35,PENDING,2025-01-02 00:00:00
O00039,C0144,P050,2025-07-24,5,758.13,PENDING,2025-07-24 00:00:00
O00040,C0080,P022,2024-05-26,2,297.43,CANCELLED,2024-06-05 00:00:00
O00041,C0136,P014,2024-12-15,4,163.09,PENDING,2024-12-24 00:00:00
O00042,C0040,P011,2024-03-24,1,741.13,RETURNED,2024-04-02 00:00:00
O00043,C0194,P033,2024-04-23,4,79.08,RETURNED,2024-05-01 00:00:00
O00044,C0102,P039,2024-11-04,2,522.61,PENDING,2024-11-08 00:00:00
O00038,C0169,P031,2024-12-24,1,604.35,COMPLETED,2024-11-17 00:00:00
O00045,C0098,P035,2025-07-26,5,483.06,COMPLETED,2025-08-01 00:00:00
O00046,C0005,P030,2025-08-12,3,306.62,RETURNED,2025-08-16 00:00:00
O00038,C0169,P031,2024-12-24,1,604.35,COMPLETED,2025-09-01 00:00:00
O00047,C0118,P045,2025-03-23,1,187.59,RETURNED,2025-03-31 00:00:00
O00048,C0191,P022,2024-03-19,2,254.18,CANCELLED,2024-03-24 00:00:00
O00049,C0166,P010,2024-09-19,2,466.81,COMPLETED,2024-09-21 00:00:00
O00050,C0119,P049,2025-04-04,5,833.37,PENDING,2025-04-14 00:00:00
O00051,C0121,P029,2024-02-27,3,543.27,RETURNED,2024-03-05 00:00:00
O00051,C0121,P029,2024-02-27,3,543.27,RETURNED,2024-03-05 00:00:00
O00052,C0074,P005,2025-06-03,1,459.6,COMPLETED,2025-06-10 00:00:00
O00053,C0049,P021,2024-06-03,5,654.38,PENDING,2024-06-04 00:00:00
O00054,C0064,P046,2025-06-20,4,493.8,PENDING,2025-06-24 00:00:00
O00055,C0174,P039,2024-12-08,,372.26,RETURNED,2024-12-12 00:00:00
O00056,C0155,P010,2024-05-24,5,404.07,RETURNED,2024-05-26 00:00:00
O00057,C0080,P036,2024-05-10,3,399.74,COMPLETED,2024-05-20 00:00:00
O00058,C0005,P024,2024-12-15,2,596.58,CANCELLED,2024-12-17 00:00:00
O00059,C0026,P033,2025-06-23,,67.07,CANCELLED,2025-07-02 00:00:00
O00060,C0178,P050,2025-03-24,2,586.9,CANCELLED,2025-03-31 00:00:00
O00061,C0115,P015,2025-04-25,3,101.93,RETURNED,2025-05-02 00:00:00
O00062,C0129,P034,2024-07-23,2,598.19,PENDING,2024-07-23 00:00:00
O00063,C0142,P007,2024-05-07,5,372.59,PENDING,2024-05-14 00:00:00
O00064,C0112,P006,2025-04-06,2,681.21,RETURNED,2025-04-06 00:00:00
O00065,C0099,P006,2024-11-22,1,656.36,PENDING,2024-11-24 00:00:00
O00066,C0121,P045,2025-04-25,,162.98,COMPLETED,2025-04-25 00:00:00
O00067,C0141,P047,2024-04-23,4,291.44,COMPLETED,2024-04-23 00:00:00
O00068,C0160,P030,invalid_date,4,323.84,CANCELLED,2025-07-04 00:00:00
O00060,C0178,P050,2025-03-24,2,586.9,COMPLETED,2025-07-22 00:00:00
O00069,C0107,P012,2025-06-20,1,361.0,COMPLETED,2025-06-26 00:00:00
O00070,C0100,P024,2024-12-31,1,555.57,COMPLETED,2025-01-09 00:00:00
O00071,C0012,P023,2024-06-28,,514.18,RETURNED,2024-07-08 00:00:00
O00072,C0184,P050,2024-10-27,1,716.3,COMPLETED,2024-11-01 00:00:00
O00073,C0140,P031,2024-07-14,,758.5,COMPLETED,2024-07-24 00:00:00
O00074,C0095,P028,2025-03-26,,474.11,CANCELLED,2025-04-02 00:00:00
O00075,C0133,P018,2025-03-10,,224.62,CANCELLED,2025-03-18 00:00:00
O00076,C0084,P043,2025-03-12,4,606.02,RETURNED,2025-03-12 00:00:00
O00077,C0158,P028,2024-03-17,1,478.85,CANCELLED,2024-03-17 00:00:00
O00078,C0113,P003,2025-01-10,2,83.22,COMPLETED,2025-01-19 00:00:00
O00079,C0095,P024,2025-08-10,1,561.99,PENDING,2025-08-20 00:00:00
O00080,C0007,P048,2025-01-31,5,153.65,PENDING,2025-02-07 00:00:00
O00081,C0178,P032,2024-03-16,2,525.36,RETURNED,2024-03-17 00:00:00
O00082,C0082,P043,2025-07-17,1,740.57,CANCELLED,2025-07-27 00:00:00
O00083,C0058,P008,2024-08-30,2,170.21,PENDING,2024-09-06 00:00:00
O00084,C0157,P006,2025-05-05,4,637.29,COMPLETED,2025-05-07 00:00:00
O00085,C0116,P030,2024-05-11,3,364.94,CANCELLED,2024-05-13 00:00:00
O00086,C0015,P008,2024-06-17,3,266.99,CANCELLED,2024-06-22 00:00:00
O00087,C0073,P006,2025-07-18,,598.05,COMPLETED,2025-07-26 00:00:00
O00088,C0149,P010,2024-12-11,5,458.48,COMPLETED,2024-12-12 00:00:00
O00088,C0149,P010,2024-12-11,5,458.48,COMPLETED,2024-12-12 00:00:00
O00089,C0148,P017,2025-03-02,5,167.25,PENDING,2025-03-12 00:00:00
O00090,C0176,P026,2024-03-02,1,416.65,RETURNED,2024-03-05 00:00:00
O00091,C0184,P021,2025-02-12,3,628.49,COMPLETED,2025-02-17 00:00:00
O00092,C0116,P016,2024-10-24,1,388.72,RETURNED,2024-10-27 00:00:00
O00093,C0084,P037,2024-06-12,2,669.49,RETURNED,2024-06-16 00:00:00
O00094,C0101,P033,2024-08-08,2,56.94,PENDING,2024-08-15 00:00:00
O00095,C0173,P031,2024-04-20,1,764.83,PENDING,2024-04-26 00:00:00
O00096,C0146,P036,2024-10-22,5,345.66,PENDING,2024-10-31 00:00:00
O00097,C0025,P026,2025-07-25,3,487.81,CANCELLED,2025-08-03 00:00:00
O00098,C0012,P003,2025-04-30,3,56.79,CANCELLED,2025-05-05 00:00:00
O00099,C0101,P040,2024-12-10,3,706.08,RETURNED,2024-12-19 00:00:00
O00100,C0095,P022,2025-08-20,4,372.53,COMPLETED,2025-08-29 00:00:00
O00101,C0199,P038,2024-02-22,,607.84,RETURNED,2024-02-24 00:00:00
O00102,C0147,P045,2025-03-27,1,178.09,CANCELLED,2025-04-02 00:00:00
O00103,C0121,P048,2024-05-21,,193.95,RETURNED,2024-05-29 00:00:00
O00104,C0118,P035,2024-09-27,3,358.33,CANCELLED,2024-10-01 00:00:00
O00105,C0077,P050,2025-05-15,2,582.2,PENDING,2025-05-19 00:00:00
O00106,C0098,P026,2024-10-24,2,529.82,COMPLETED,2024-10-29 00:00:00
O00107,C0192,P031,2024-10-04,5,706.77,CANCELLED,2024-10-05 00:00:00
O00108,C0063,P004,2024-08-19,5,72.33,RETURNED,2024-08-24 00:00:00
O00109,C0198,P009,2025-07-17,-1,189.04,RETURNED,2025-07-24 00:00:00
O00110,C0074,P021,2024-04-01,1,583.73,COMPLETED,2024-04-03 00:00:00
O00111,C0010,P026,2024-10-23,2,331.45,COMPLETED,2024-10-28 00:00:00
O00112,C0140,P034,2025-05-31,2,617.22,COMPLETED,2025-06-05 00:00:00
O00113,C0066,P046,2024-12-11,,610.54,CANCELLED,2024-12-13 00:00:00
O00114,C0104,P028,2025-02-14,1,425.23,CANCELLED,2025-02-21 00:00:00
O00115,C0067,P025,2024-12-03,3,55.44,COMPLETED,2024-12-07 00:00:00
O00116,C0016,P043,2024-06-12,3,623.65,PENDING,2024-06-13 00:00:00
O00117,C0095,P040,2025-05-04,2,786.84,PENDING,2025-05-10 00:00:00
O00118,C0194,P035,2024-09-10,2,440.31,COMPLETED,2024-09-18 00:00:00
O00119,C0020,P037,2025-06-01,5,676.53,CANCELLED,2025-06-06 00:00:00
O00120,C0175,P014,2024-04-03,4,174.69,COMPLETED,2024-04-10 00:00:00
O00121,C0145,P004,2024-11-11,,87.63,COMPLETED,2024-11-14 00:00:00
O00122,C0089,P045,2024-03-11,1,211.23,PENDING,2024-03-17 00:00:00
O00123,C0165,P047,2025-01-18,4,314.77,RETURNED,2025-01-24 00:00:00
O00124,C0139,P009,2024-05-01,3,230.5,CANCELLED,2024-05-04 00:00:00
O00125,C0077,P030,2025-03-10,5,371.63,CANCELLED,2025-03-17 00:00:00
O00126,C0186,P049,2025-03-05,,851.77,COMPLETED,2025-03-08 00:00:00
O00127,C0009,P029,2024-02-19,,533.39,RETURNED,2024-02-22 00:00:00
O00128,C0199,P004,2024-08-27,3,102.58,PENDING,2024-09-05 00:00:00
O00129,C0083,P016,2025-06-17,2,298.76,COMPLETED,2025-06-25 00:00:00
O00130,C0045,P041,2025-05-22,5,237.69,RETURNED,2025-05-30 00:00:00
O00131,C0039,P020,2025-04-29,5,50.6,CANCELLED,2025-05-06 00:00:00
O00132,C0107,P036,2024-09-05,4,316.69,COMPLETED,2024-09-12 00:00:00
O00133,C0186,P013,2024-02-10,4,408.82,CANCELLED,2024-02-17 00:00:00
O00134,C0078,P001,2024-04-30,2,67.84,CANCELLED,2024-05-09 00:00:00
O00135,C0062,P036,2025-01-24,3,369.72,PENDING,2025-01-28 00:00:00
O00136,C0120,P007,2025-04-25,,301.91,CANCELLED,2025-04-30 00:00:00
O00137,C0057,P048,2025-07-20,3,195.61,RETURNED,2025-07-24 00:00:00
O00138,C0098,P037,2025-07-17,4,724.09,PENDING,2025-07-24 00:00:00
O00139,C0126,P030,2024-06-22,3,328.67,CANCELLED,2024-06-30 00:00:00
O00140,C0135,P003,2024-02-19,1,65.49,CANCELLED,2024-02-20 00:00:00
O00137,C0057,P048,2025-07-20,3,195.61,CANCELLED,2024-03-06 00:00:00
O00141,C0016,P040,2025-05-09,5,538.49,RETURNED,2025-05-09 00:00:00
O00141,C0016,P040,2025-05-09,5,538.49,RETURNED,2025-05-09 00:00:00
O00142,C0138,P019,2025-03-16,-1,613.07,COMPLETED,2025-03-17 00:00:00
O00143,C0159,P034,2024-09-30,3,577.41,RETURNED,2024-10-07 00:00:00
O00144,C0058,P020,2024-02-02,1,54.93,RETURNED,2024-02-02 00:00:00
O00145,C0022,P032,2024-12-05,,516.7,COMPLETED,2024-12-13 00:00:00
O00146,C0178,P037,2024-03-17,1,594.28,COMPLETED,2024-03-19 00:00:00
O00147,C0054,P038,2025-02-11,,652.77,CANCELLED,2025-02-20 00:00:00
O00148,C0139,P022,2024-05-23,,340.94,COMPLETED,2024-05-31 00:00:00
O00149,C0026,P028,2024-12-14,1,529.13,RETURNED,2024-12-19 00:00:00
O00149,C0026,P028,2024-12-14,1,529.13,RETURNED,2024-12-19 00:00:00
O00150,C0116,P032,2025-01-19,5,478.79,RETURNED,2025-01-20 00:00:00
O00151,C0064,P046,2024-06-06,3,672.22,CANCELLED,2024-06-12 00:00:00
O00152,C0002,P020,2024-04-14,3,49.53,RETURNED,2024-04-22 00:00:00
O00153,C0007,P006,2024-11-28,1,431.23,RETURNED,2024-12-04 00:00:00
O00154,C0144,P016,2025-01-24,2,293.72,PENDING,2025-01-31 00:00:00
O00155,C0071,P027,2025-01-04,1,283.0,RETURNED,2025-01-13 00:00:00
O00156,C0035,P020,2025-02-09,-1,61.72,PENDING,2025-02-16 00:00:00
O00157,C0167,P039,2024-07-24,3,390.84,RETURNED,2024-07-29 00:00:00
O00158,C0126,P037,2025-01-20,3,756.51,PENDING,2025-01-21 00:00:00
O00159,C0140,P012,2024-01-28,5,447.76,CANCELLED,2024-02-04 00:00:00
O00160,C0018,P027,2024-11-06,2,347.15,RETURNED,2024-11-12 00:00:00
O00161,C0123,P038,2025-03-04,5,824.26,PENDING,2025-03-12 00:00:00
O00162,C0028,P050,2024-12-29,,662.2,RETURNED,2025-01-03 00:00:00
O00163,C0003,P007,2025-06-15,5,360.55,CANCELLED,2025-06-22 00:00:00
O00164,C0174,P038,2024-12-19,2,716.8,PENDING,2024-12-25 00:00:00
O00165,C0187,P010,2025-04-11,3,449.35,PENDING,2025-04-18 00:00:00
O00166,C0116,P021,2024-04-27,1,619.61,COMPLETED,2024-05-07 00:00:00
O00167,C0190,P016,2024-06-12,5,318.85,RETURNED,2024-06-15 00:00:00
O00168,C0048,P041,2024-01-30,4,304.53,RETURNED,2024-02-08 00:00:00
O00155,C0071,P027,2025-01-04,1,283.0,COMPLETED,2024-02-14 00:00:00
O00169,C0193,P046,2025-08-14,1,697.36,CANCELLED,2025-08-19 00:00:00
O00170,C0068,P043,2024-11-16,5,656.36,COMPLETED,2024-11-21 00:00:00
O00171,C0045,P044,2024-03-27,3,275.4,CANCELLED,2024-03-31 00:00:00
O00172,C0037,P033,2024-05-21,5,70.1,RETURNED,2024-05-31 00:00:00
O00173,C0045,P036,2024-05-23,3,401.91,COMPLETED,2024-05-28 00:00:00
O00174,C0050,P025,2025-05-21,5,49.85,RETURNED,2025-05-28 00:00:00
O00175,C0195,P015,2024-08-18,3,100.44,RETURNED,2024-08-27 00:00:00
O00176,C0141,P033,2024-10-01,1,84.17,PENDING,2024-10-09 00:00:00
O00177,C0185,P029,2024-04-14,4,734.58,CANCELLED,2024-04-18 00:00:00
O00167,C0190,P016,2024-06-12,5,318.85,CANCELLED,2024-04-26 00:00:00
O00178,C0113,P008,2024-08-02,2,230.04,PENDING,2024-08-11 00:00:00
O00179,C0036,P014,2025-08-06,1,160.45,CANCELLED,2025-08-11 00:00:00
O00180,C0147,P018,2024-04-07,5,239.88,RETURNED,2024-04-07 00:00:00
O00181,C0033,P045,2024-05-29,2,248.08,RETURNED,2024-06-05 00:00:00
O00182,C0161,P027,2024-04-05,1,361.34,PENDING,2024-04-12 00:00:00
O00183,C0001,P050,2025-04-14,1,687.85,COMPLETED,2025-04-22 00:00:00
O00184,C0055,P032,2024-12-11,3,362.0,RETURNED,2024-12-16 00:00:00
O00185,C0012,P007,2024-01-17,4,387.68,RETURNED,2024-01-24 00:00:00
O00185,C0012,P007,2024-01-17,4,387.68,RETURNED,2024-01-24 00:00:00
O00186,C0052,P045,2024-11-05,,258.85,PENDING,2024-11-06 00:00:00
O00187,C0096,P043,2024-02-23,2,564.41,CANCELLED,2024-02-29 00:00:00
O00188,C0001,P014,2024-08-19,2,174.65,COMPLETED,2024-08-24 00:00:00
O00189,C0109,P045,2024-08-22,1,237.98,COMPLETED,2024-08-23 00:00:00
O00190,C0036,P025,2024-05-26,2,51.58,CANCELLED,2024-06-02 00:00:00
O00191,C0192,P010,2025-03-29,5,356.06,COMPLETED,2025-03-31 00:00:00
O00192,C0099,P023,2024-05-23,3,505.05,CANCELLED,2024-05-31 00:00:00
O00193,C0073,P050,2024-11-04,1,660.46,CANCELLED,2024-11-10 00:00:00
O00194,C0062,P032,2025-05-26,2,349.33,COMPLETED,2025-05-31 00:00:00
O00195,C0146,P027,2024-06-25,,393.19,COMPLETED,2024-06-25 00:00:00
O00183,C0001,P050,2025-04-14,1,687.85,COMPLETED,2024-07-06 00:00:00
O00196,C0102,P033,2025-05-28,,70.12,RETURNED,2025-05-29 00:00:00
O00197,C0040,P018,2025-06-07,1,263.04,CANCELLED,2025-06-15 00:00:00
O00198,C0196,P042,2024-11-13,1,264.07,CANCELLED,2024-11-13 00:00:00
O00199,C0030,P030,2024-11-12,1,345.98,CANCELLED,2024-11-13 00:00:00
O00199,C0030,P030,2024-11-12,1,345.98,CANCELLED,2024-11-13 00:00:00
O00200,C0003,P011,2025-06-19,3,794.41,PENDING,2025-06-21 00:00:00
O00201,C0069,P047,2024-12-09,1,296.97,COMPLETED,2024-12-13 00:00:00
O00202,C0020,P032,2024-02-26,3,454.79,PENDING,2024-02-28 00:00:00
O00203,C0147,P044,invalid_date,2,355.12,COMPLETED,2025-06-08 00:00:00
O00203,C0147,P044,invalid_date,2,355.12,COMPLETED,2025-06-08 00:00:00
O00204,C0039,P012,2025-07-20,1,503.35,RETURNED,2025-07-23 00:00:00
O00205,C0185,P021,2025-08-08,1,671.05,COMPLETED,2025-08-10 00:00:00
O00206,C0012,P026,2024-10-16,4,394.65,COMPLETED,2024-10-24 00:00:00
O00207,C0075,P037,2024-09-05,,694.19,RETURNED,2024-09-08 00:00:00
O00208,C0063,P010,2025-02-23,-1,453.74,COMPLETED,2025-02-28 00:00:00
O00208,C0063,P010,2025-02-23,-1,453.74,COMPLETED,2025-02-28 00:00:00
O00209,C0189,P047,2025-06-26,2,320.79,COMPLETED,2025-06-28 00:00:00
O00210,C0060,P034,2025-04-14,3,579.47,COMPLETED,2025-04-22 00:00:00
O00211,C0020,P038,2024-05-13,4,639.41,PENDING,2024-05-19 00:00:00
O00212,C0082,P029,2024-07-26,1,773.03,COMPLETED,2024-07-28 00:00:00
O00213,C0081,P027,2024-07-31,3,316.75,COMPLETED,2024-08-01 00:00:00
O00214,C0181,P045,2024-12-01,2,235.95,PENDING,2024-12-07 00:00:00
O00215,C0067,P012,2025-04-08,4,467.25,COMPLETED,2025-04-15 00:00:00
O00216,C0032,P001,2024-05-13,2,57.52,COMPLETED,2024-05-22 00:00:00
O00217,C0020,P002,2025-03-30,2,93.27,PENDING,2025-03-31 00:00:00
O00217,C0020,P002,2025-03-30,2,93.27,PENDING,2025-03-31 00:00:00
O00218,C0044,P037,2025-02-08,,627.13,RETURNED,2025-02-10 00:00:00
O00219,C0071,P018,2024-02-05,2,226.12,PENDING,2024-02-12 00:00:00
O00220,C0016,P006,2025-03-05,2,668.74,CANCELLED,2025-03-15 00:00:00
O00221,C0005,P025,2025-05-06,3,49.68,PENDING,2025-05-12 00:00:00
O00221,C0005,P025,2025-05-06,3,49.68,COMPLETED,2025-05-17 00:00:00
O00222,C0200,P018,2025-06-26,4,222.71,CANCELLED,2025-06-28 00:00:00
O00223,C0069,P035,2024-02-27,,511.83,RETURNED,2024-03-03 00:00:00
O00224,C0045,P012,2025-01-02,3,352.31,PENDING,2025-01-11 00:00:00
O00225,C0049,P032,2025-05-17,2,346.17,CANCELLED,2025-05-17 00:00:00
O00225,C0049,P032,2025-05-17,2,346.17,COMPLETED,2025-05-30 00:00:00
O00226,C0088,P046,2024-03-01,3,615.91,CANCELLED,2024-03-02 00:00:00
O00227,C0019,P024,2025-02-09,,553.18,PENDING,2025-02-11 00:00:00
O00228,C0112,P041,2024-11-20,,315.15,PENDING,2024-11-23 00:00:00
O00229,C0097,P020,2024-05-10,3,44.3,RETURNED,2024-05-19 00:00:00
O00229,C0097,P020,2024-05-10,3,44.3,RETURNED,2024-05-19 00:00:00
O00230,C0157,P015,2025-05-23,1,133.76,CANCELLED,2025-05-28 00:00:00
O00231,C0023,P046,2024-12-09,,524.18,CANCELLED,2024-12-10 00:00:00
O00232,C0185,P001,2025-03-05,4,71.64,RETURNED,2025-03-11 00:00:00
O00233,C0123,P037,2024-08-18,,527.96,COMPLETED,2024-08-22 00:00:00
O00233,C0123,P037,2024-08-18,,527.96,COMPLETED,2024-08-22 00:00:00
O00234,C0027,P005,2024-06-13,4,452.49,COMPLETED,2024-06-18 00:00:00
O00235,C0124,P046,2024-06-17,,572.41,COMPLETED,2024-06-18 00:00:00
O00236,C0105,P045,2025-07-07,,191.54,CANCELLED,2025-07-08 00:00:00
O00236,C0105,P045,2025-07-07,,191.54,CANCELLED,2025-07-08 00:00:00
O00237,C0126,P010,2025-03-13,1,514.37,RETURNED,2025-03-16 00:00:00
O00238,C0164,P019,2024-04-28,4,486.49,RETURNED,2024-05-08 00:00:00
O00239,C0100,P012,2025-01-13,4,355.92,RETURNED,2025-01-20 00:00:00
O00240,C0145,P004,2024-04-09,,85.31,RETURNED,2024-04-18 00:00:00
O00241,C0100,P034,2025-05-01,5,632.21,PENDING,2025-05-02 00:00:00
O00242,C0009,P033,2025-08-08,5,77.03,COMPLETED,2025-08-15 00:00:00
O00243,C0055,P013,2024-03-21,4,466.26,CANCELLED,2024-03-30 00:00:00
O00244,C0018,P006,2025-07-19,4,503.07,RETURNED,2025-07-19 00:00:00
O00245,C0134,P027,2024-05-31,2,335.32,COMPLETED,2024-06-01 00:00:00
O00246,C0074,P035,2024-09-27,4,417.92,RETURNED,2024-09-27 00:00:00
O00247,C0159,P039,2024-02-09,4,547.55,CANCELLED,2024-02-09 00:00:00
O00248,C0096,P002,2024-11-14,3,115.68,COMPLETED,2024-11-17 00:00:00
O00249,C0114,P050,2025-03-02,3,503.51,RETURNED,2025-03-05 00:00:00
O00250,C0125,P049,2024-02-27,3,587.76,PENDING,2024-03-06 00:00:00
O00251,C0135,P037,2024-07-16,-1,568.72,COMPLETED,2024-07-19 00:00:00
O00251,C0135,P037,2024-07-16,-1,568.72,COMPLETED,2024-07-19 00:00:00
O00252,C0093,P046,2025-04-20,3,629.84,COMPLETED,2025-04-30 00:00:00
O00252,C0093,P046,2025-04-20,3,629.84,COMPLETED,2025-04-30 00:00:00
O00253,C0153,P029,2025-08-23,4,632.43,PENDING,2025-08-24 00:00:00
O00254,C0042,P037,2024-08-14,2,721.79,PENDING,2024-08-24 00:00:00
O00237,C0126,P010,2025-03-13,1,514.37,CANCELLED,2024-08-27 00:00:00
O00255,C0166,P012,2024-08-17,1,523.41,PENDING,2024-08-27 00:00:00
O00256,C0090,P030,2024-11-05,4,371.78,RETURNED,2024-11-14 00:00:00
O00257,C0170,P024,2024-10-16,5,486.94,COMPLETED,2024-10-21 00:00:00
O00258,C0071,P017,2024-11-01,,218.1,CANCELLED,2024-11-01 00:00:00
O00259,C0154,P026,2024-05-23,,466.93,PENDING,2024-05-27 00:00:00
O00260,C0189,P003,2024-07-13,5,75.43,RETURNED,2024-07-23 00:00:00
O00261,C0044,P043,2024-10-27,2,511.01,PENDING,2024-11-04 00:00:00
O00262,C0175,P022,2024-12-29,2,368.4,RETURNED,2025-01-03 00:00:00
O00263,C0119,P008,2025-08-20,,233.53,RETURNED,2025-08-23 00:00:00
O00264,C0098,P034,2024-06-03,1,619.84,RETURNED,2024-06-12 00:00:00
O00265,C0037,P021,2024-03-23,2,712.8,CANCELLED,2024-03-28 00:00:00
O00237,C0126,P010,2025-03-13,1,514.37,COMPLETED,2024-04-05 00:00:00
O00266,C0148,P049,2024-05-12,1,748.94,RETURNED,2024-05-18 00:00:00
O00267,C0010,P035,2024-01-15,3,473.03,CANCELLED,2024-01-15 00:00:00
O00268,C0064,P015,2024-11-15,3,112.87,PENDING,2024-11-17 00:00:00
O00269,C0075,P030,2025-06-20,5,381.66,CANCELLED,2025-06-25 00:00:00
O00270,C0193,P013,2024-01-20,4,534.05,CANCELLED,2024-01-23 00:00:00
O00271,C0044,P008,2024-02-08,,235.62,COMPLETED,2024-02-17 00:00:00
O00272,C0168,P002,2025-03-02,1,95.04,PENDING,2025-03-09 00:00:00
O00273,C0176,P041,2025-03-06,-1,277.16,PENDING,2025-03-15 00:00:00
O00274,C0027,P033,2024-10-16,1,58.97,CANCELLED,2024-10-25 00:00:00
O00275,C0134,P013,2024-10-29,4,492.45,CANCELLED,2024-11-05 00:00:00
O00259,C0154,P026,2024-05-23,,466.93,COMPLETED,2024-11-18 00:00:00
O00276,C0172,P032,2025-06-07,1,488.12,PENDING,2025-06-17 00:00:00
O00277,C0076,P017,2024-06-27,1,253.08,PENDING,2024-07-07 00:00:00
O00278,C0025,P049,2024-05-21,1,591.68,PENDING,2024-05-28 00:00:00
O00279,C0188,P006,2024-07-06,3,536.85,RETURNED,2024-07-10 00:00:00
O00280,C0123,P027,2024-04-25,2,357.7,CANCELLED,2024-04-26 00:00:00
O00281,C0146,P044,2025-01-23,5,318.98,CANCELLED,2025-01-30 00:00:00
O00282,C0106,P029,invalid_date,3,805.45,CANCELLED,2024-11-27 00:00:00
O00283,C0177,P045,2024-09-11,4,231.04,RETURNED,2024-09-13 00:00:00
O00284,C0157,P004,2024-06-09,-1,90.9,RETURNED,2024-06-11 00:00:00
O00285,C0062,P022,2025-06-03,1,334.0,RETURNED,2025-06-06 00:00:00
O00286,C0147,P029,2025-04-02,4,842.53,COMPLETED,2025-04-03 00:00:00
O00284,C0157,P004,2024-06-09,-1,90.9,COMPLETED,2025-04-14 00:00:00
O00287,C0155,P040,2025-07-29,5,760.96,PENDING,2025-08-03 00:00:00
O00288,C0117,P022,2025-04-29,5,291.77,RETURNED,2025-04-30 00:00:00
O00289,C0001,P022,2024-10-25,,293.37,COMPLETED,2024-10-25 00:00:00
O00290,C0184,P048,2024-09-17,1,159.99,RETURNED,2024-09-20 00:00:00
O00291,C0184,P022,2024-02-17,4,363.28,COMPLETED,2024-02-24 00:00:00
O00292,C0130,P009,2025-06-27,1,232.25,RETURNED,2025-07-06 00:00:00
O00293,C0046,P045,2024-05-11,,230.4,PENDING,2024-05-19 00:00:00
O00294,C0156,P045,2025-02-11,3,262.76,RETURNED,2025-02-13 00:00:00
O00295,C0192,P033,2025-07-14,,80.25,CANCELLED,2025-07-17 00:00:00
O00296,C0176,P023,2024-07-01,2,516.38,PENDING,2024-07-02 00:00:00
O00297,C0150,P037,2025-03-03,,791.17,PENDING,2025-03-09 00:00:00
O00298,C0007,P025,2024-02-27,,56.1,CANCELLED,2024-03-02 00:00:00
O00299,C0016,P045,2025-07-08,2,246.58,COMPLETED,2025-07-17 00:00:00
O00300,C0058,P048,2024-08-31,4,215.41,PENDING,2024-09-10 00:00:00
O00300,C0058,P048,2024-08-31,4,215.41,PENDING,2024-09-10 00:00:00
O00301,C0107,P044,invalid_date,5,266.36,RETURNED,2024-02-28 00:00:00
O00302,C0166,P024,2024-07-20,5,735.17,PENDING,2024-07-27 00:00:00
O00303,C0048,P012,2025-01-21,1,407.56,PENDING,2025-01-23 00:00:00
O00304,C0002,P022,2024-02-10,2,285.64,COMPLETED,2024-02-20 00:00:00
O00305,C0126,P037,2024-11-21,1,811.42,COMPLETED,2024-11-29 00:00:00
O00306,C0104,P006,2024-12-05,2,507.8,RETURNED,2024-12-13 00:00:00
O00307,C0003,P008,2024-09-03,4,232.79,CANCELLED,2024-09-03 00:00:00
O00308,C0030,P025,2024-10-16,,50.46,PENDING,2024-10-24 00:00:00
O00309,C0012,P019,2024-11-24,2,622.57,CANCELLED,2024-12-02 00:00:00
O00310,C0054,P043,2025-03-10,2,534.36,RETURNED,2025-03-20 00:00:00
O00311,C0176,P010,2024-12-05,-1,353.18,CANCELLED,2024-12-09 00:00:00
O00312,C0059,P017,2025-02-18,4,165.85,COMPLETED,2025-02-26 00:00:00
O00312,C0059,P017,2025-02-18,4,165.85,COMPLETED,2025-02-26 00:00:00
O00313,C0017,P049,2024-03-15,1,704.56,PENDING,2024-03-25 00:00:00
O00314,C0196,P029,2024-02-01,,694.9,CANCELLED,2024-02-07 00:00:00
O00315,C0076,P041,2025-01-17,,196.35,CANCELLED,2025-01-18 00:00:00
O00315,C0076,P041,2025-01-17,,196.35,CANCELLED,2025-01-18 00:00:00
O00316,C0101,P035,2024-11-08,1,469.9,PENDING,2024-11-11 00:00:00
O00317,C0132,P010,2024-09-15,2,376.39,COMPLETED,2024-09-23 00:00:00
O00318,C0075,P043,2024-07-21,1,619.04,PENDING,2024-07-26 00:00:00
O00319,C0026,P019,2024-11-21,2,469.41,PENDING,2024-11-30 00:00:00
O00320,C0081,P028,2024-09-09,3,552.93,RETURNED,2024-09-13 00:00:00
O00321,C0188,P022,2025-04-01,4,283.05,COMPLETED,2025-04-03 00:00:00
O00322,C0072,P009,2024-09-26,2,240.27,COMPLETED,2024-09-26 00:00:00
O00323,C0149,P038,2024-08-05,5,740.81,RETURNED,2024-08-15 00:00:00
O00324,C0058,P050,2024-05-17,3,631.2,RETURNED,2024-05-22 00:00:00
O00325,C0158,P044,2024-05-23,5,255.81,CANCELLED,2024-05-30 00:00:00
O00326,C0195,P032,2025-01-13,3,476.42,PENDING,2025-01-19 00:00:00
O00327,C0012,P003,2024-04-15,3,69.09,PENDING,2024-04-19 00:00:00
O00328,C0097,P042,2024-03-20,5,223.49,CANCELLED,2024-03-28 00:00:00
O00329,C0089,P032,2024-01-07,5,363.78,CANCELLED,2024-01-10 00:00:00
O00330,C0055,P010,2024-05-01,3,426.48,PENDING,2024-05-02 00:00:00
O00331,C0054,P038,2024-01-23,4,592.96,CANCELLED,2024-01-25 00:00:00
O00330,C0055,P010,2024-05-01,3,426.48,COMPLETED,2024-02-03 00:00:00
O00332,C0043,P017,2025-02-19,5,222.94,COMPLETED,2025-03-01 00:00:00
O00333,C0056,P029,2025-05-08,4,792.91,CANCELLED,2025-05-17 00:00:00
O00334,C0169,P033,2024-12-16,,76.2,COMPLETED,2024-12-19 00:00:00
O00335,C0005,P013,2025-03-05,5,505.78,CANCELLED,2025-03-12 00:00:00
O00336,C0137,P033,2025-05-08,1,86.93,COMPLETED,2025-05-18 00:00:00
O00337,C0095,P003,2024-08-22,4,67.79,RETURNED,2024-08-27 00:00:00
O00338,C0195,P045,2024-05-17,4,241.6,COMPLETED,2024-05-21 00:00:00
O00339,C0066,P013,2024-01-08,-1,392.48,COMPLETED,2024-01-14 00:00:00
O00340,C0081,P027,2025-03-12,2,284.1,RETURNED,2025-03-21 00:00:00
O00341,C0175,P026,2025-07-19,4,430.67,PENDING,2025-07-27 00:00:00
O00342,C0079,P037,2025-02-11,,778.69,COMPLETED,2025-02-14 00:00:00
O00343,C0042,P007,2024-12-12,4,348.8,COMPLETED,2024-12-14 00:00:00
O00344,C0024,P010,2025-03-21,5,393.94,PENDING,2025-03-22 00:00:00
O00345,C0103,P040,2024-02-28,3,811.43,RETURNED,2024-03-06 00:00:00
O00345,C0103,P040,2024-02-28,3,811.43,RETURNED,2024-03-06 00:00:00
O00346,C0133,P019,2025-06-06,5,445.52,CANCELLED,2025-06-16 00:00:00
O00346,C0133,P019,2025-06-06,5,445.52,CANCELLED,2025-06-16 00:00:00
O00347,C0001,P011,2025-02-13,3,652.59,CANCELLED,2025-02-21 00:00:00
O00347,C0001,P011,2025-02-13,3,652.59,CANCELLED,2025-02-21 00:00:00
O00348,C0024,P036,2025-08-19,5,422.11,PENDING,2025-08-22 00:00:00
O00349,C0104,P037,2024-06-28,-1,538.47,COMPLETED,2024-07-06 00:00:00
O00350,C0132,P017,2024-09-13,5,264.96,RETURNED,2024-09-16 00:00:00
O00351,C0118,P044,2024-01-29,5,267.31,RETURNED,2024-02-08 00:00:00
O00352,C0180,P015,2024-12-27,4,91.29,PENDING,2024-12-30 00:00:00
O00353,C0192,P022,2025-05-02,2,269.95,PENDING,2025-05-04 00:00:00
O00354,C0049,P032,2024-09-04,2,378.2,CANCELLED,2024-09-07 00:00:00
O00355,C0200,P007,2025-05-19,1,372.77,COMPLETED,2025-05-26 00:00:00
O00356,C0148,P018,2024-10-13,5,239.88,CANCELLED,2024-10-13 00:00:00
O00357,C0139,P003,2024-06-27,4,55.85,RETURNED,2024-07-02 00:00:00
O00346,C0133,P019,2025-06-06,5,445.52,CANCELLED,2024-07-17 00:00:00
O00358,C0026,P021,2024-07-10,3,585.32,RETURNED,2024-07-19 00:00:00
O00359,C0109,P014,2025-01-08,3,160.32,CANCELLED,2025-01-17 00:00:00
O00360,C0059,P007,2025-07-22,2,311.59,CANCELLED,2025-07-24 00:00:00
O00355,C0200,P007,2025-05-19,1,372.77,CANCELLED,2025-08-04 00:00:00
O00361,C0162,P034,2025-05-13,3,746.43,COMPLETED,2025-05-19 00:00:00
O00362,C0056,P017,2024-04-08,,199.03,PENDING,2024-04-13 00:00:00
O00363,C0066,P023,2024-05-04,-1,513.02,CANCELLED,2024-05-13 00:00:00
O00364,C0045,P050,2025-06-06,3,699.75,COMPLETED,2025-06-12 00:00:00
O00365,C0038,P011,2025-03-07,3,711.16,COMPLETED,2025-03-08 00:00:00
O00366,C0082,P042,2025-02-08,3,231.36,PENDING,2025-02-17 00:00:00
O00367,C0043,P012,2024-08-28,2,553.22,COMPLETED,2024-08-31 00:00:00
O00368,C0017,P031,2025-02-10,1,800.23,COMPLETED,2025-02-14 00:00:00
O00369,C0100,P020,2024-10-17,,47.81,CANCELLED,2024-10-17 00:00:00
O00369,C0100,P020,2024-10-17,,47.81,CANCELLED,2024-10-17 00:00:00
O00370,C0084,P031,2024-10-05,5,531.9,CANCELLED,2024-10-14 00:00:00
O00371,C0163,P037,2025-06-30,,615.72,CANCELLED,2025-07-01 00:00:00
O00372,C0067,P010,2025-06-19,1,519.53,PENDING,2025-06-23 00:00:00
O00369,C0100,P020,2024-10-17,,47.81,CANCELLED,2025-07-04 00:00:00
O00373,C0003,P050,2024-08-24,3,642.66,CANCELLED,2024-08-30 00:00:00
O00374,C0064,P011,2025-02-03,,594.67,COMPLETED,2025-02-09 00:00:00
O00375,C0157,P045,2025-06-28,3,205.12,COMPLETED,2025-06-30 00:00:00
O00376,C0117,P040,2025-05-18,,539.73,COMPLETED,2025-05-26 00:00:00
O00376,C0117,P040,2025-05-18,,539.73,COMPLETED,2025-05-26 00:00:00
O00377,C0073,P018,2024-01-09,4,177.94,RETURNED,2024-01-12 00:00:00
O00378,C0128,P024,2024-12-04,1,673.21,CANCELLED,2024-12-04 00:00:00
O00379,C0140,P031,2025-01-25,3,527.8,CANCELLED,2025-01-31 00:00:00
O00380,C0189,P003,2024-04-06,,84.3,RETURNED,2024-04-12 00:00:00
O00381,C0083,P011,2025-07-16,1,605.53,PENDING,2025-07-19 00:00:00
O00382,C0171,P014,2025-03-20,2,150.6,PENDING,2025-03-29 00:00:00
O00383,C0003,P003,2025-05-01,,56.99,COMPLETED,2025-05-04 00:00:00
O00384,C0159,P022,2024-03-02,,334.19,COMPLETED,2024-03-04 00:00:00
O00385,C0143,P042,2024-07-16,4,223.66,CANCELLED,2024-07-20 00:00:00
O00386,C0113,P036,2025-05-16,,292.77,PENDING,2025-05-21 00:00:00
O00387,C0154,P036,2024-06-07,5,398.15,PENDING,2024-06-14 00:00:00
O00387,C0154,P036,2024-06-07,5,398.15,PENDING,2024-06-14 00:00:00
O00388,C0098,P047,2025-01-07,1,291.62,COMPLETED,2025-01-17 00:00:00
O00389,C0049,P034,2024-06-06,5,662.63,PENDING,2024-06-07 00:00:00
O00390,C0012,P009,2024-07-25,1,192.72,COMPLETED,2024-08-03 00:00:00
O00391,C0126,P034,2024-09-19,5,626.99,COMPLETED,2024-09-19 00:00:00
O00392,C0126,P006,2024-03-03,,630.3,RETURNED,2024-03-08 00:00:00
O00393,C0158,P018,2024-03-13,,170.42,CANCELLED,2024-03-21 00:00:00
O00394,C0137,P025,2024-09-11,5,60.87,RETURNED,2024-09-12 00:00:00
O00395,C0173,P030,2024-04-16,4,271.85,RETURNED,2024-04-24 00:00:00
O00396,C0154,P029,2025-07-17,3,625.96,PENDING,2025-07-23 00:00:00
O00397,C0186,P021,2025-07-12,5,756.39,PENDING,2025-07-17 00:00:00
O00398,C0102,P001,2024-01-17,3,74.81,PENDING,2024-01-17 00:00:00
O00399,C0081,P002,2024-10-09,,116.78,CANCELLED,2024-10-10 00:00:00
O00399,C0081,P002,2024-10-09,,116.78,CANCELLED,2024-10-10 00:00:00
O00400,C0036,P017,2024-09-12,5,248.78,COMPLETED,2024-09-21 00:00:00
O00401,C0188,P005,2024-06-26,4,527.67,COMPLETED,2024-07-05 00:00:00
O00400,C0036,P017,2024-09-12,5,248.78,CANCELLED,2024-07-08 00:00:00
O00402,C0200,P004,2024-12-22,3,89.34,COMPLETED,2024-12-25 00:00:00
O00403,C0003,P041,2024-02-25,4,200.07,CANCELLED,2024-03-01 00:00:00
O00404,C0013,P044,2025-04-01,4,313.7,COMPLETED,2025-04-04 00:00:00
O00405,C0038,P009,2025-08-08,4,231.7,PENDING,2025-08-09 00:00:00
O00406,C0179,P009,2025-07-26,4,214.99,CANCELLED,2025-08-03 00:00:00
O00407,C0064,P016,2024-11-27,4,342.73,COMPLETED,2024-12-07 00:00:00
O00408,C0049,P021,2024-01-25,,563.35,PENDING,2024-02-03 00:00:00
O00409,C0160,P010,2024-07-23,2,370.94,COMPLETED,2024-07-24 00:00:00
O00410,C0159,P010,2024-01-15,3,510.16,PENDING,2024-01-22 00:00:00
O00411,C0190,P035,2025-06-19,5,430.76,CANCELLED,2025-06-29 00:00:00
O00411,C0190,P035,2025-06-19,5,430.76,CANCELLED,2025-06-29 00:00:00
O00412,C0170,P034,2024-03-02,2,825.87,PENDING,2024-03-02 00:00:00
O00413,C0018,P025,2025-01-03,,38.43,RETURNED,2025-01-06 00:00:00
O00414,C0182,P007,2025-06-28,4,282.54,RETURNED,2025-07-06 00:00:00
O00403,C0003,P041,2024-02-25,4,200.07,RETURNED,2025-07-13 00:00:00
O00415,C0086,P032,2024-01-19,2,409.07,PENDING,2024-01-22 00:00:00
O00416,C0071,P004,2024-01-31,4,112.27,CANCELLED,2024-02-02 00:00:00
O00417,C0036,P006,2024-08-20,5,583.86,RETURNED,2024-08-24 00:00:00
O00418,C0139,P009,2025-08-17,2,259.24,CANCELLED,2025-08-21 00:00:00
O00419,C0035,P028,2025-08-01,2,457.37,COMPLETED,2025-08-03 00:00:00
O00420,C0187,P002,2025-02-25,4,129.92,PENDING,2025-02-27 00:00:00
O00421,C0048,P002,2024-09-30,5,122.45,CANCELLED,2024-10-03 00:00:00
O00422,C0177,P050,2025-04-25,5,589.82,RETURNED,2025-05-02 00:00:00
O00423,C0058,P003,2024-10-03,1,59.22,CANCELLED,2024-10-06 00:00:00
O00424,C0113,P040,2025-04-13,3,678.21,COMPLETED,2025-04-22 00:00:00
O00425,C0081,P026,2025-08-08,,439.64,COMPLETED,2025-08-16 00:00:00
O00426,C0011,P016,2024-02-10,4,333.17,COMPLETED,2024-02-13 00:00:00
O00427,C0078,P050,2024-06-19,4,662.34,COMPLETED,2024-06-27 00:00:00
O00428,C0166,P029,2024-04-25,5,712.06,CANCELLED,2024-05-01 00:00:00
O00429,C0046,P030,2024-07-25,,257.85,PENDING,2024-08-04 00:00:00
O00430,C0184,P047,2025-04-05,1,266.9,RETURNED,2025-04-13 00:00:00
O00431,C0141,P025,2024-12-09,2,53.91,CANCELLED,2024-12-11 00:00:00
O00432,C0183,P004,2025-04-01,3,78.04,CANCELLED,2025-04-04 00:00:00
O00432,C0183,P004,2025-04-01,3,78.04,CANCELLED,2025-04-04 00:00:00
O00433,C0004,P030,2025-07-10,4,338.21,RETURNED,2025-07-13 00:00:00
O00434,C0117,P027,2024-01-07,5,329.82,CANCELLED,2024-01-07 00:00:00
O00435,C0090,P003,2025-08-14,1,61.73,COMPLETED,2025-08-14 00:00:00
O00436,C0042,P044,2025-08-09,,255.56,RETURNED,2025-08-18 00:00:00
O00427,C0078,P050,2024-06-19,4,662.34,CANCELLED,2025-08-25 00:00:00
O00437,C0098,P005,2024-03-07,5,364.38,PENDING,2024-03-12 00:00:00
O00438,C0179,P014,2025-08-08,1,190.58,COMPLETED,2025-08-15 00:00:00
O00439,C0181,P019,2024-09-22,3,634.13,PENDING,2024-09-24 00:00:00
O00440,C0187,P041,2024-08-26,2,316.46,COMPLETED,2024-08-27 00:00:00
O00440,C0187,P041,2024-08-26,2,316.46,COMPLETED,2024-08-27 00:00:00
O00441,C0031,P048,2025-02-28,5,173.3,CANCELLED,2025-02-28 00:00:00
O00442,C0066,P005,2025-07-17,5,336.95,PENDING,2025-07-22 00:00:00
O00443,C0008,P012,2025-05-05,3,521.68,CANCELLED,2025-05-12 00:00:00
O00444,C0138,P022,2024-02-27,4,282.13,PENDING,2024-03-06 00:00:00
O00445,C0176,P022,2024-03-08,3,279.28,COMPLETED,2024-03-13 00:00:00
O00446,C0043,P037,2024-04-29,2,745.49,PENDING,2024-04-29 00:00:00
O00447,C0061,P024,2024-08-09,3,506.34,PENDING,2024-08-09 00:00:00
O00448,C0114,P033,2025-05-09,-1,60.65,PENDING,2025-05-16 00:00:00
O00449,C0199,P021,2025-06-12,1,551.53,COMPLETED,2025-06-19 00:00:00
O00450,C0030,P001,2024-03-30,1,71.77,COMPLETED,2024-04-07 00:00:00
O00451,C0006,P037,2024-08-02,,566.1,PENDING,2024-08-10 00:00:00
O00452,C0031,P018,invalid_date,3,226.74,COMPLETED,2024-04-30 00:00:00
O00453,C0070,P010,2025-08-10,3,352.75,PENDING,2025-08-18 00:00:00
O00454,C0121,P044,2024-02-25,4,286.91,RETURNED,2024-03-05 00:00:00
O00455,C0051,P046,2024-03-21,5,664.18,RETURNED,2024-03-30 00:00:00
O00456,C0179,P030,2025-04-21,3,390.89,CANCELLED,2025-04-30 00:00:00
O00457,C0047,P045,2024-11-28,3,165.57,RETURNED,2024-11-29 00:00:00
O00458,C0044,P019,2025-08-11,5,413.71,COMPLETED,2025-08-16 00:00:00
O00459,C0078,P035,2025-02-27,5,368.77,CANCELLED,2025-03-06 00:00:00
O00460,C0178,P038,2025-08-03,4,738.35,CANCELLED,2025-08-05 00:00:00
O00461,C0183,P037,2025-04-19,1,535.65,RETURNED,2025-04-21 00:00:00
O00462,C0154,P007,2025-01-23,5,353.74,COMPLETED,2025-01-24 00:00:00
O00463,C0149,P049,2024-05-30,1,687.62,PENDING,2024-06-05 00:00:00
O00464,C0053,P044,2025-08-06,3,328.94,RETURNED,2025-08-11 00:00:00
O00465,C0157,P033,2024-10-28,2,86.9,COMPLETED,2024-10-28 00:00:00
O00466,C0092,P008,2024-08-28,1,230.28,PENDING,2024-09-03 00:00:00
O00467,C0055,P043,2024-07-11,2,726.13,PENDING,2024-07-17 00:00:00
O00468,C0172,P009,2024-01-17,1,268.5,RETURNED,2024-01-19 00:00:00
O00469,C0107,P030,2025-03-11,,314.37,RETURNED,2025-03-19 00:00:00
O00470,C0058,P012,2025-08-14,1,507.07,PENDING,2025-08-20 00:00:00
O00471,C0009,P003,2025-01-12,,67.77,COMPLETED,2025-01-14 00:00:00
O00472,C0193,P050,2024-03-21,5,661.41,CANCELLED,2024-03-28 00:00:00
O00473,C0172,P005,2025-08-16,5,346.92,PENDING,2025-08-24 00:00:00
O00474,C0132,P031,2025-03-07,3,794.54,PENDING,2025-03-11 00:00:00
O00475,C0153,P048,2024-09-23,5,185.97,CANCELLED,2024-10-02 00:00:00
O00476,C0189,P040,2025-05-11,-1,704.68,PENDING,2025-05-15 00:00:00
O00477,C0066,P001,2024-06-27,5,67.39,RETURNED,2024-07-02 00:00:00
O00478,C0180,P016,2024-02-03,5,264.27,CANCELLED,2024-02-12 00:00:00
O00479,C0127,P049,2024-08-31,4,780.36,CANCELLED,2024-09-03 00:00:00
O00480,C0014,P042,2024-02-23,1,226.07,PENDING,2024-03-01 00:00:00
O00481,C0137,P015,2025-02-03,,99.11,RETURNED,2025-02-03 00:00:00
O00482,C0098,P044,2024-02-12,5,307.27,PENDING,2024-02-18 00:00:00
O00483,C0070,P022,2024-09-18,1,295.97,CANCELLED,2024-09-28 00:00:00
O00484,C0087,P044,2024-11-16,2,327.95,COMPLETED,2024-11-16 00:00:00
O00485,C0176,P029,2024-10-17,,530.02,COMPLETED,2024-10-17 00:00:00
O00486,C0056,P039,2024-05-02,,486.26,RETURNED,2024-05-12 00:00:00
O00487,C0048,P008,2024-10-28,3,267.14,RETURNED,2024-11-01 00:00:00
O00488,C0171,P050,2024-06-14,3,560.51,COMPLETED,2024-06-20 00:00:00
O00489,C0067,P017,2025-05-18,1,185.04,RETURNED,2025-05-20 00:00:00
O00490,C0139,P050,2024-04-18,5,693.35,COMPLETED,2024-04-18 00:00:00
O00491,C0065,P050,2024-06-01,4,476.71,COMPLETED,2024-06-11 00:00:00
O00492,C0085,P026,2025-05-17,5,414.2,COMPLETED,2025-05-25 00:00:00
O00493,C0177,P050,2025-07-02,5,585.26,PENDING,2025-07-08 00:00:00
O00494,C0166,P006,2024-03-23,3,634.92,PENDING,2024-04-02 00:00:00
O00495,C0099,P043,2025-02-03,,662.17,PENDING,2025-02-10 00:00:00
O00496,C0189,P013,2024-01-26,2,502.86,RETURNED,2024-02-01 00:00:00
O00497,C0079,P032,2024-01-17,4,346.15,COMPLETED,2024-01-23 00:00:00
O00498,C0171,P034,2025-07-03,,752.45,COMPLETED,2025-07-03 00:00:00
O00499,C0005,P031,2024-02-16,5,692.0,COMPLETED,2024-02-18 00:00:00
O00500,C0025,P030,2024-03-06,5,260.36,RETURNED,2024-03-15 00:00:00
O00501,C0052,P028,2025-02-15,,616.77,CANCELLED,2025-02-20 00:00:00
O00502,C0196,P003,2024-03-05,3,56.54,RETURNED,2024-03-07 00:00:00
O00503,C0113,P016,2024-05-16,1,386.04,RETURNED,2024-05-18 00:00:00
O00503,C0113,P016,2024-05-16,1,386.04,RETURNED,2024-05-18 00:00:00
O00504,C0002,P001,2024-10-17,1,69.39,RETURNED,2024-10-19 00:00:00
O00505,C0134,P029,2024-02-08,2,755.55,COMPLETED,2024-02-18 00:00:00
O00506,C0108,P001,2024-04-30,2,74.33,PENDING,2024-05-08 00:00:00
O00507,C0161,P043,2024-07-17,1,517.41,RETURNED,2024-07-24 00:00:00
O00508,C0012,P004,2024-08-02,3,84.88,RETURNED,2024-08-02 00:00:00
O00509,C0138,P012,2025-05-11,1,361.7,CANCELLED,2025-05-18 00:00:00
O00510,C0051,P048,2024-08-23,3,172.6,COMPLETED,2024-08-26 00:00:00
O00511,C0097,P015,2025-05-11,5,115.89,CANCELLED,2025-05-20 00:00:00
O00512,C0035,P030,2025-01-02,,275.24,CANCELLED,2025-01-02 00:00:00
O00513,C0035,P008,2025-03-04,4,204.01,PENDING,2025-03-13 00:00:00
O00514,C0157,P011,2024-08-23,5,805.85,RETURNED,2024-08-26 00:00:00
O00515,C0072,P001,2024-09-09,,58.5,CANCELLED,2024-09-18 00:00:00
O00516,C0002,P027,2025-04-26,1,323.11,RETURNED,2025-05-04 00:00:00
O00517,C0179,P007,2024-03-26,2,252.78,RETURNED,2024-03-29 00:00:00
O00518,C0166,P006,2024-11-08,-1,552.92,COMPLETED,2024-11-15 00:00:00
O00519,C0181,P026,2025-04-20,3,329.79,COMPLETED,2025-04-26 00:00:00
O00520,C0009,P019,2025-07-09,3,439.46,COMPLETED,2025-07-18 00:00:00
O00521,C0015,P033,2025-01-07,,59.13,PENDING,2025-01-14 00:00:00
O00522,C0045,P042,2025-07-28,1,203.8,PENDING,2025-07-31 00:00:00
O00523,C0189,P049,2024-08-02,,792.21,PENDING,2024-08-07 00:00:00
O00524,C0109,P018,2024-12-19,3,214.18,COMPLETED,2024-12-26 00:00:00
O00525,C0137,P019,2024-03-08,3,606.7,COMPLETED,2024-03-09 00:00:00
O00526,C0020,P007,2024-05-31,1,390.45,COMPLETED,2024-06-04 00:00:00
O00527,C0034,P031,2024-01-22,4,509.41,CANCELLED,2024-01-30 00:00:00
O00528,C0088,P042,2025-05-12,3,260.27,RETURNED,2025-05-19 00:00:00
O00529,C0079,P011,2025-05-10,2,617.09,COMPLETED,2025-05-12 00:00:00
O00530,C0043,P040,2025-07-02,,863.33,CANCELLED,2025-07-04 00:00:00
O00531,C0082,P037,2025-01-13,3,684.82,COMPLETED,2025-01-23 00:00:00
O00532,C0096,P029,2025-06-30,2,822.65,RETURNED,2025-07-07 00:00:00
O00533,C0082,P010,2025-07-13,-1,408.59,PENDING,2025-07-20 00:00:00
O00534,C0194,P037,2025-03-28,5,540.35,RETURNED,2025-03-28 00:00:00
O00535,C0079,P002,2025-04-01,2,106.41,CANCELLED,2025-04-10 00:00:00
O00536,C0197,P018,2025-07-05,1,232.33,COMPLETED,2025-07-13 00:00:00
O00537,C0155,P039,2025-01-04,1,511.13,RETURNED,2025-01-09 00:00:00
O00529,C0079,P011,2025-05-10,2,617.09,CANCELLED,2025-01-19 00:00:00
O00538,C0115,P036,2025-03-30,,330.9,RETURNED,2025-04-03 00:00:00
O00539,C0109,P047,2024-03-29,2,302.0,PENDING,2024-03-30 00:00:00
O00540,C0097,P006,2024-10-06,-1,579.2,CANCELLED,2024-10-09 00:00:00
O00541,C0142,P032,2025-08-22,3,453.18,RETURNED,2025-08-25 00:00:00
O00541,C0142,P032,2025-08-22,3,453.18,RETURNED,2025-08-25 00:00:00
O00532,C0096,P029,2025-06-30,2,822.65,CANCELLED,2025-09-09 00:00:00
O00542,C0032,P042,2025-03-03,3,284.36,CANCELLED,2025-03-03 00:00:00
O00543,C0018,P039,2025-05-07,5,545.18,RETURNED,2025-05-08 00:00:00
O00544,C0005,P017,2024-05-29,1,255.8,CANCELLED,2024-06-03 00:00:00
O00545,C0108,P041,2024-02-19,3,260.67,COMPLETED,2024-02-27 00:00:00
O00546,C0196,P007,2025-07-10,2,301.27,PENDING,2025-07-14 00:00:00
O00547,C0025,P035,2024-01-14,2,376.44,RETURNED,2024-01-20 00:00:00
O00548,C0027,P014,2024-07-11,2,184.49,COMPLETED,2024-07-17 00:00:00
O00549,C0034,P002,2025-01-06,3,112.89,PENDING,2025-01-08 00:00:00
O00536,C0197,P018,2025-07-05,1,232.33,COMPLETED,2025-01-19 00:00:00
O00550,C0178,P010,2024-05-08,3,548.13,RETURNED,2024-05-09 00:00:00
O00551,C0194,P028,2024-02-03,1,504.82,COMPLETED,2024-02-10 00:00:00
O00552,C0017,P020,2024-05-06,1,50.04,CANCELLED,2024-05-08 00:00:00
O00540,C0097,P006,2024-10-06,-1,579.2,RETURNED,2024-05-21 00:00:00
O00553,C0149,P023,2024-09-04,5,373.71,COMPLETED,2024-09-12 00:00:00
O00554,C0073,P011,2024-01-05,5,554.21,CANCELLED,2024-01-13 00:00:00
O00555,C0179,P038,2024-04-19,,672.15,RETURNED,2024-04-25 00:00:00
O00556,C0029,P049,2025-04-22,1,579.93,PENDING,2025-04-26 00:00:00
O00557,C0084,P032,2025-04-12,3,400.58,RETURNED,2025-04-15 00:00:00
O00558,C0110,P013,2025-01-11,4,597.14,RETURNED,2025-01-21 00:00:00
O00559,C0169,P044,2025-02-08,2,315.94,COMPLETED,2025-02-10 00:00:00
O00560,C0087,P013,2024-05-05,4,463.78,RETURNED,2024-05-09 00:00:00
O00561,C0152,P018,2025-02-13,,231.26,RETURNED,2025-02-20 00:00:00
O00562,C0117,P007,2025-05-24,4,401.21,COMPLETED,2025-05-25 00:00:00
O00563,C0128,P044,2024-07-02,-1,328.89,CANCELLED,2024-07-06 00:00:00
O00564,C0020,P043,2025-04-22,4,671.63,RETURNED,2025-04-30 00:00:00
O00565,C0139,P035,2024-02-02,-1,498.08,COMPLETED,2024-02-08 00:00:00
O00566,C0114,P030,2025-07-24,2,364.81,CANCELLED,2025-07-31 00:00:00
O00567,C0100,P032,2025-05-17,5,479.99,RETURNED,2025-05-24 00:00:00
O00568,C0015,P026,2025-01-21,5,403.47,PENDING,2025-01-26 00:00:00
O00569,C0033,P024,2025-08-20,,714.02,PENDING,2025-08-26 00:00:00
O00570,C0092,P027,2024-09-07,,345.5,COMPLETED,2024-09-08 00:00:00
O00571,C0044,P002,2025-04-16,1,111.8,RETURNED,2025-04-20 00:00:00
O00571,C0044,P002,2025-04-16,1,111.8,RETURNED,2025-04-20 00:00:00
O00572,C0006,P021,2024-11-26,4,770.18,COMPLETED,2024-12-06 00:00:00
O00573,C0196,P043,2024-11-02,5,603.64,RETURNED,2024-11-12 00:00:00
O00574,C0138,P014,2024-10-31,1,170.92,CANCELLED,2024-11-09 00:00:00
O00575,C0149,P007,2024-03-09,3,335.56,RETURNED,2024-03-12 00:00:00
O00576,C0078,P033,2025-07-06,4,69.79,PENDING,2025-07-15 00:00:00
O00577,C0141,P012,2025-06-12,,473.14,CANCELLED,2025-06-22 00:00:00
O00578,C0120,P018,2025-03-20,5,237.45,COMPLETED,2025-03-28 00:00:00
O00579,C0062,P010,2025-03-21,3,522.16,COMPLETED,2025-03-31 00:00:00
O00580,C0074,P042,2024-08-29,,193.34,CANCELLED,2024-08-29 00:00:00
O00581,C0119,P032,2025-03-08,4,342.09,CANCELLED,2025-03-12 00:00:00
O00582,C0072,P043,2024-02-13,,618.63,COMPLETED,2024-02-13 00:00:00
O00583,C0155,P020,2025-01-07,4,69.2,RETURNED,2025-01-09 00:00:00
O00584,C0129,P008,2025-06-21,5,261.64,CANCELLED,2025-06-30 00:00:00
O00585,C0085,P038,2024-08-29,,624.41,COMPLETED,2024-08-31 00:00:00
O00586,C0105,P017,2025-05-17,1,237.14,COMPLETED,2025-05-22 00:00:00
O00587,C0064,P018,2025-01-06,2,200.37,PENDING,2025-01-06 00:00:00
O00588,C0009,P048,2024-09-02,1,177.92,PENDING,2024-09-12 00:00:00
O00589,C0114,P025,2025-02-06,-1,60.15,PENDING,2025-02-07 00:00:00
O00590,C0077,P014,2025-03-25,2,212.27,RETURNED,2025-03-25 00:00:00
O00591,C0200,P032,2024-12-06,4,520.7,COMPLETED,2024-12-08 00:00:00
O00592,C0091,P027,2024-11-30,5,248.88,COMPLETED,2024-12-10 00:00:00
O00593,C0165,P009,2024-07-23,-1,206.07,COMPLETED,2024-07-24 00:00:00
O00594,C0197,P042,2025-02-24,5,216.96,RETURNED,2025-02-26 00:00:00
O00595,C0084,P019,2025-01-11,4,604.82,CANCELLED,2025-01-11 00:00:00
O00596,C0166,P040,2025-04-18,1,771.07,CANCELLED,2025-04-18 00:00:00
O00597,C0067,P010,2024-06-23,3,362.65,RETURNED,2024-06-30 00:00:00
O00598,C0058,P046,2024-10-21,3,557.54,RETURNED,2024-10-24 00:00:00
O00599,C0073,P047,2024-07-03,4,276.67,PENDING,2024-07-07 00:00:00
O00600,C0064,P024,2025-04-14,,591.54,PENDING,2025-04-20 00:00:00
O00601,C0182,P028,2024-03-15,3,394.72,PENDING,2024-03-18 00:00:00
O00602,C0156,P043,invalid_date,5,624.26,RETURNED,2024-02-20 00:00:00
O00603,C0034,P036,2024-09-23,2,343.76,PENDING,2024-09-30 00:00:00
O00604,C0136,P028,2024-11-16,1,411.45,PENDING,2024-11-21 00:00:00
O00605,C0068,P040,2025-06-13,3,836.01,PENDING,2025-06-20 00:00:00
O00606,C0169,P041,2024-07-12,1,223.48,COMPLETED,2024-07-19 00:00:00
O00607,C0112,P008,2024-02-11,4,272.75,RETURNED,2024-02-18 00:00:00
O00608,C0038,P008,2024-10-17,2,185.34,PENDING,2024-10-26 00:00:00
O00609,C0150,P001,2024-07-03,5,48.08,RETURNED,2024-07-13 00:00:00
O00610,C0073,P044,2025-02-07,1,365.41,COMPLETED,2025-02-12 00:00:00
O00611,C0182,P043,2024-10-02,,474.28,COMPLETED,2024-10-12 00:00:00
O00612,C0188,P047,2024-05-12,5,261.0,PENDING,2024-05-17 00:00:00
O00613,C0141,P039,2024-09-18,4,566.79,RETURNED,2024-09-19 00:00:00
O00613,C0141,P039,2024-09-18,4,566.79,RETURNED,2024-09-19 00:00:00
O00614,C0100,P050,2024-06-06,,625.26,RETURNED,2024-06-10 00:00:00
O00615,C0092,P043,2025-06-08,3,606.49,RETURNED,2025-06-15 00:00:00
O00616,C0024,P049,2024-07-09,3,678.47,COMPLETED,2024-07-17 00:00:00
O00617,C0058,P042,2025-05-22,2,254.58,COMPLETED,2025-05-26 00:00:00
O00618,C0123,P020,2024-11-03,2,58.98,PENDING,2024-11-12 00:00:00
O00618,C0123,P020,2024-11-03,2,58.98,PENDING,2024-11-12 00:00:00
O00619,C0012,P033,2025-02-26,4,78.46,PENDING,2025-03-03 00:00:00
O00620,C0129,P002,2025-04-18,,98.33,RETURNED,2025-04-18 00:00:00
O00621,C0077,P021,2025-04-05,4,594.36,CANCELLED,2025-04-08 00:00:00
O00622,C0155,P017,2025-03-20,1,164.7,COMPLETED,2025-03-20 00:00:00
O00623,C0178,P026,2025-05-13,,500.01,PENDING,2025-05-23 00:00:00
O00624,C0078,P006,2024-07-14,1,432.19,CANCELLED,2024-07-14 00:00:00
O00625,C0167,P016,2025-07-05,,298.83,RETURNED,2025-07-07 00:00:00
O00613,C0141,P039,2024-09-18,4,566.79,COMPLETED,2025-07-23 00:00:00
O00626,C0125,P031,2025-04-05,-1,552.54,RETURNED,2025-04-05 00:00:00
O00627,C0183,P028,2025-08-15,4,514.7,PENDING,2025-08-15 00:00:00
O00628,C0152,P047,2025-05-14,,262.93,COMPLETED,2025-05-20 00:00:00
O00629,C0069,P042,2024-04-29,4,288.05,PENDING,2024-05-06 00:00:00
O00620,C0129,P002,2025-04-18,,98.33,RETURNED,2024-05-13 00:00:00
O00630,C0121,P023,2024-08-12,5,514.25,RETURNED,2024-08-14 00:00:00
O00631,C0100,P027,2025-01-03,,369.11,CANCELLED,2025-01-12 00:00:00
O00632,C0023,P043,2024-07-23,2,620.54,RETURNED,2024-07-30 00:00:00
O00633,C0013,P002,2024-12-31,3,97.91,COMPLETED,2025-01-01 00:00:00
O00634,C0059,P008,2024-09-21,4,251.03,COMPLETED,2024-09-29 00:00:00
O00635,C0177,P033,2024-02-21,1,70.62,RETURNED,2024-02-22 00:00:00
O00636,C0157,P007,2025-06-03,1,351.34,CANCELLED,2025-06-08 00:00:00
O00637,C0114,P049,2024-04-11,,657.31,CANCELLED,2024-04-12 00:00:00
O00638,C0107,P050,2025-04-30,2,629.56,COMPLETED,2025-05-04 00:00:00
O00639,C0093,P041,2025-06-26,2,223.27,RETURNED,2025-07-02 00:00:00
O00640,C0133,P044,2025-03-29,1,231.09,COMPLETED,2025-03-30 00:00:00
O00641,C0198,P011,2024-02-07,4,734.33,COMPLETED,2024-02-17 00:00:00
O00642,C0134,P019,2025-07-20,,566.56,PENDING,2025-07-25 00:00:00
O00642,C0134,P019,2025-07-20,,566.56,PENDING,2025-07-25 00:00:00
O00643,C0136,P040,2025-02-17,,602.74,RETURNED,2025-02-22 00:00:00
O00644,C0104,P050,2024-03-27,3,577.86,CANCELLED,2024-04-04 00:00:00
O00645,C0024,P033,2024-12-14,5,60.86,COMPLETED,2024-12-22 00:00:00
O00646,C0199,P020,2024-04-23,5,67.95,PENDING,2024-05-03 00:00:00
O00647,C0194,P042,2024-11-01,4,180.91,PENDING,2024-11-04 00:00:00
O00648,C0145,P046,2025-06-30,,515.23,PENDING,2025-07-04 00:00:00
O00649,C0147,P044,2025-06-16,4,245.01,CANCELLED,2025-06-21 00:00:00
O00650,C0109,P027,2025-03-11,1,318.75,RETURNED,2025-03-12 00:00:00
O00651,C0151,P036,2024-09-27,4,367.68,RETURNED,2024-10-04 00:00:00
O00652,C0042,P010,2025-04-13,4,488.74,COMPLETED,2025-04-16 00:00:00
O00639,C0093,P041,2025-06-26,2,223.27,RETURNED,2025-04-29 00:00:00
O00653,C0031,P039,2024-05-03,1,415.85,CANCELLED,2024-05-04 00:00:00
O00654,C0078,P019,2024-05-25,2,492.49,PENDING,2024-05-29 00:00:00
O00655,C0126,P001,2024-03-10,3,58.02,PENDING,2024-03-19 00:00:00
O00656,C0097,P031,2024-05-15,5,647.11,RETURNED,2024-05-22 00:00:00
O00657,C0187,P021,2025-02-23,5,799.93,PENDING,2025-03-03 00:00:00
O00657,C0187,P021,2025-02-23,5,799.93,PENDING,2025-03-03 00:00:00
O00658,C0114,P048,2024-06-18,1,194.96,PENDING,2024-06-26 00:00:00
O00659,C0022,P013,2025-08-13,5,587.52,CANCELLED,2025-08-20 00:00:00
O00657,C0187,P021,2025-02-23,5,799.93,COMPLETED,2025-08-24 00:00:00
O00660,C0071,P014,2025-08-16,,205.99,PENDING,2025-08-22 00:00:00
O00661,C0006,P022,2024-01-25,4,284.85,PENDING,2024-01-26 00:00:00
O00662,C0044,P019,2024-04-01,3,623.54,CANCELLED,2024-04-01 00:00:00
O00663,C0007,P046,2024-04-11,4,566.31,PENDING,2024-04-15 00:00:00
O00664,C0031,P004,2025-08-23,5,92.65,RETURNED,2025-08-24 00:00:00
O00665,C0142,P027,2025-02-21,1,386.86,COMPLETED,2025-02-25 00:00:00
O00666,C0026,P016,2024-05-08,,315.72,COMPLETED,2024-05-18 00:00:00
O00667,C0037,P024,2024-09-08,2,578.45,RETURNED,2024-09-08 00:00:00
O00667,C0037,P024,2024-09-08,2,578.45,RETURNED,2024-09-08 00:00:00
O00668,C0159,P019,2024-01-01,2,616.04,PENDING,2024-01-10 00:00:00
O00669,C0090,P041,2024-10-15,5,286.67,COMPLETED,2024-10-19 00:00:00
O00670,C0036,P047,2025-03-18,3,334.48,PENDING,2025-03-28 00:00:00
O00671,C0193,P046,2024-11-25,2,579.72,PENDING,2024-11-25 00:00:00
O00672,C0001,P039,2024-06-26,1,551.19,RETURNED,2024-07-02 00:00:00
O00673,C0167,P042,2025-03-31,1,220.82,RETURNED,2025-04-09 00:00:00
O00674,C0197,P045,2025-04-18,1,182.39,COMPLETED,2025-04-21 00:00:00
O00675,C0175,P046,2024-11-06,1,511.61,RETURNED,2024-11-11 00:00:00
O00675,C0175,P046,2024-11-06,1,511.61,RETURNED,2024-11-11 00:00:00
O00676,C0181,P046,2024-07-19,1,630.7,COMPLETED,2024-07-23 00:00:00
O00677,C0142,P013,2025-08-01,5,501.75,COMPLETED,2025-08-03 00:00:00
O00678,C0059,P034,2024-07-15,3,557.86,PENDING,2024-07-25 00:00:00
O00679,C0110,P042,2024-02-23,,217.37,RETURNED,2024-02-27 00:00:00
O00680,C0127,P024,2024-08-17,1,721.86,RETURNED,2024-08-22 00:00:00
O00680,C0127,P024,2024-08-17,1,721.86,RETURNED,2024-08-22 00:00:00
O00681,C0021,P037,2024-08-19,,640.32,COMPLETED,2024-08-22 00:00:00
O00682,C0017,P041,2025-05-06,1,197.94,PENDING,2025-05-10 00:00:00
O00683,C0088,P004,2024-08-30,5,104.55,RETURNED,2024-08-31 00:00:00
O00684,C0022,P004,2024-11-16,4,100.88,CANCELLED,2024-11-16 00:00:00
O00685,C0078,P040,2024-04-14,1,722.89,PENDING,2024-04-20 00:00:00
O00686,C0106,P015,2024-01-11,,117.53,RETURNED,2024-01-20 00:00:00
O00687,C0173,P002,2024-07-16,3,88.8,COMPLETED,2024-07-25 00:00:00
O00688,C0147,P009,2024-12-29,3,250.99,RETURNED,2024-12-31 00:00:00
O00689,C0016,P009,2025-06-09,4,254.24,PENDING,2025-06-18 00:00:00
O00690,C0038,P031,2024-10-25,3,492.3,CANCELLED,2024-10-25 00:00:00
O00691,C0144,P004,2024-07-24,2,78.96,COMPLETED,2024-07-29 00:00:00
O00692,C0178,P030,2025-08-15,3,295.95,PENDING,2025-08-21 00:00:00
O00693,C0011,P032,2024-08-16,1,433.45,CANCELLED,2024-08-19 00:00:00
O00694,C0085,P048,2024-07-07,4,143.55,COMPLETED,2024-07-08 00:00:00
O00695,C0037,P019,2025-08-22,,477.21,COMPLETED,2025-08-25 00:00:00
O00696,C0068,P047,2024-09-08,5,256.62,PENDING,2024-09-09 00:00:00
O00696,C0068,P047,2024-09-08,5,256.62,PENDING,2024-09-09 00:00:00
O00697,C0098,P042,2024-12-12,1,215.32,CANCELLED,2024-12-17 00:00:00
O00698,C0135,P040,2024-03-07,,832.63,CANCELLED,2024-03-10 00:00:00
O00699,C0096,P021,2024-09-07,,755.54,CANCELLED,2024-09-15 00:00:00
O00700,C0064,P004,2024-05-09,3,113.13,RETURNED,2024-05-12 00:00:00
O00701,C0170,P040,2025-02-01,5,752.01,PENDING,2025-02-08 00:00:00
O00702,C0183,P024,2025-05-21,4,624.1,COMPLETED,2025-05-24 00:00:00
O00703,C0061,P026,2025-01-21,4,525.67,PENDING,2025-01-25 00:00:00
O00704,C0022,P019,2024-08-23,3,503.24,PENDING,2024-08-29 00:00:00
O00705,C0095,P032,2024-01-26,4,383.95,COMPLETED,2024-01-31 00:00:00
O00706,C0129,P033,2024-10-10,1,58.69,COMPLETED,2024-10-15 00:00:00
O00706,C0129,P033,2024-10-10,1,58.69,COMPLETED,2024-10-15 00:00:00
O00707,C0051,P044,2024-10-08,3,317.9,CANCELLED,2024-10-16 00:00:00
O00698,C0135,P040,2024-03-07,,832.63,CANCELLED,2024-10-24 00:00:00
O00708,C0104,P026,2024-01-13,,437.0,CANCELLED,2024-01-19 00:00:00
O00709,C0054,P031,2025-07-19,5,714.98,RETURNED,2025-07-24 00:00:00
O00710,C0049,P028,2025-03-03,,489.44,COMPLETED,2025-03-08 00:00:00
O00711,C0079,P048,2024-12-29,-1,181.06,RETURNED,2025-01-06 00:00:00
O00712,C0146,P003,2024-12-04,2,78.26,RETURNED,2024-12-10 00:00:00
O00713,C0137,P025,2024-12-02,1,48.88,PENDING,2024-12-03 00:00:00
O00714,C0046,P003,2025-05-15,5,58.45,RETURNED,2025-05-19 00:00:00
O00715,C0135,P005,invalid_date,3,405.44,RETURNED,2025-06-20 00:00:00
O00716,C0138,P027,2025-02-02,1,379.38,CANCELLED,2025-02-05 00:00:00
O00717,C0171,P031,2024-11-13,5,646.4,RETURNED,2024-11-17 00:00:00
O00718,C0115,P005,2024-09-09,5,530.08,RETURNED,2024-09-16 00:00:00
O00703,C0061,P026,2025-01-21,4,525.67,CANCELLED,2024-09-27 00:00:00
O00719,C0089,P045,2025-02-04,3,246.16,CANCELLED,2025-02-10 00:00:00
O00720,C0188,P028,2024-07-06,,403.62,COMPLETED,2024-07-09 00:00:00
O00721,C0161,P035,2024-08-10,1,402.82,COMPLETED,2024-08-15 00:00:00
O00722,C0197,P050,2024-06-17,4,629.88,RETURNED,2024-06-17 00:00:00
O00723,C0192,P030,2025-02-12,,305.42,COMPLETED,2025-02-16 00:00:00
O00724,C0084,P043,2025-04-17,4,637.45,CANCELLED,2025-04-24 00:00:00
O00725,C0042,P011,2024-04-12,5,562.66,RETURNED,2024-04-14 00:00:00
O00726,C0174,P018,2024-07-01,3,165.93,CANCELLED,2024-07-08 00:00:00
O00727,C0134,P042,2024-04-15,,215.69,COMPLETED,2024-04-24 00:00:00
O00727,C0134,P042,2024-04-15,,215.69,COMPLETED,2024-04-24 00:00:00
O00728,C0197,P013,2024-09-01,3,368.83,COMPLETED,2024-09-01 00:00:00
O00729,C0172,P005,2024-06-20,1,345.04,COMPLETED,2024-06-25 00:00:00
O00730,C0160,P014,2025-03-14,4,154.62,PENDING,2025-03-19 00:00:00
O00731,C0081,P001,2024-08-13,4,69.61,PENDING,2024-08-13 00:00:00
O00732,C0078,P050,2025-07-03,1,756.05,CANCELLED,2025-07-07 00:00:00
O00733,C0162,P045,2024-05-16,,228.11,PENDING,2024-05-26 00:00:00
O00734,C0156,P038,2024-08-26,5,794.21,COMPLETED,2024-08-29 00:00:00
O00734,C0156,P038,2024-08-26,5,794.21,COMPLETED,2024-08-29 00:00:00
O00735,C0032,P020,2024-09-06,4,45.94,PENDING,2024-09-13 00:00:00
O00736,C0053,P042,2025-03-30,,218.03,PENDING,2025-04-04 00:00:00
O00737,C0134,P027,2024-01-25,3,358.7,PENDING,2024-01-28 00:00:00
O00738,C0171,P016,2024-08-15,,311.69,PENDING,2024-08-17 00:00:00
O00734,C0156,P038,2024-08-26,5,794.21,COMPLETED,2024-08-29 00:00:00
O00739,C0014,P041,2024-05-08,2,268.49,CANCELLED,2024-05-11 00:00:00
O00740,C0120,P020,2024-09-07,2,61.31,PENDING,2024-09-11 00:00:00
O00741,C0052,P018,2024-03-22,4,199.53,RETURNED,2024-03-24 00:00:00
O00742,C0157,P048,invalid_date,2,177.63,COMPLETED,2025-05-12 00:00:00
O00743,C0187,P012,2024-11-09,4,428.72,RETURNED,2024-11-10 00:00:00
O00744,C0051,P010,2024-01-14,1,494.29,PENDING,2024-01-21 00:00:00
O00745,C0102,P048,2024-11-11,4,196.45,RETURNED,2024-11-11 00:00:00
O00746,C0145,P011,2024-09-18,4,770.87,PENDING,2024-09-26 00:00:00
O00747,C0095,P045,2025-03-10,4,187.49,COMPLETED,2025-03-15 00:00:00
O00748,C0179,P043,2025-04-11,3,516.85,CANCELLED,2025-04-20 00:00:00
O00749,C0042,P001,2025-01-28,1,62.93,COMPLETED,2025-02-05 00:00:00
O00750,C0043,P028,2025-05-27,3,539.93,RETURNED,2025-06-05 00:00:00
O00751,C0187,P006,2024-12-18,5,501.12,CANCELLED,2024-12-24 00:00:00
O00738,C0171,P016,2024-08-15,,311.69,CANCELLED,2024-12-29 00:00:00
O00752,C0025,P005,2025-06-21,4,397.23,RETURNED,2025-06-23 00:00:00
O00753,C0035,P013,2024-04-22,5,554.31,CANCELLED,2024-04-25 00:00:00
O00754,C0195,P013,2025-03-27,4,510.18,CANCELLED,2025-03-28 00:00:00
O00755,C0071,P005,2024-08-28,5,479.35,COMPLETED,2024-08-28 00:00:00
O00756,C0002,P043,2024-04-09,1,710.63,RETURNED,2024-04-18 00:00:00
O00757,C0069,P032,2025-03-15,3,479.25,PENDING,2025-03-20 00:00:00
O00758,C0171,P026,2024-12-30,1,498.57,COMPLETED,2025-01-06 00:00:00
O00759,C0036,P002,2024-10-13,5,130.24,CANCELLED,2024-10-18 00:00:00
O00760,C0122,P033,2024-01-04,2,88.89,PENDING,2024-01-04 00:00:00
O00761,C0189,P021,2025-05-11,2,706.83,COMPLETED,2025-05-16 00:00:00
O00762,C0122,P043,2025-01-29,1,531.2,CANCELLED,2025-02-06 00:00:00
O00763,C0184,P033,2024-03-30,4,78.89,RETURNED,2024-04-01 00:00:00
O00764,C0124,P043,2024-08-04,2,756.47,COMPLETED,2024-08-05 00:00:00
O00765,C0042,P021,2024-08-13,3,724.1,COMPLETED,2024-08-23 00:00:00
O00766,C0186,P032,2024-12-06,,532.4,COMPLETED,2024-12-16 00:00:00
O00767,C0191,P048,2025-07-29,,182.68,CANCELLED,2025-08-01 00:00:00
O00768,C0029,P006,2024-07-11,5,459.48,PENDING,2024-07-13 00:00:00
O00769,C0148,P048,2024-03-04,-1,160.2,RETURNED,2024-03-10 00:00:00
O00770,C0174,P009,2024-08-15,5,172.78,RETURNED,2024-08-20 00:00:00
O00771,C0057,P032,2024-10-17,2,475.74,COMPLETED,2024-10-26 00:00:00
O00772,C0177,P008,2025-08-10,,255.69,RETURNED,2025-08-14 00:00:00
O00773,C0086,P010,2024-08-18,2,348.74,CANCELLED,2024-08-25 00:00:00
O00774,C0169,P011,2025-02-05,5,746.42,PENDING,2025-02-11 00:00:00
O00775,C0073,P019,2025-07-15,2,420.62,COMPLETED,2025-07-19 00:00:00
O00776,C0036,P029,2024-05-28,3,784.33,CANCELLED,2024-06-07 00:00:00
O00776,C0036,P029,2024-05-28,3,784.33,CANCELLED,2024-06-07 00:00:00
O00777,C0148,P007,2025-01-20,2,318.97,CANCELLED,2025-01-20 00:00:00
O00778,C0046,P004,2024-12-12,5,113.19,RETURNED,2024-12-15 00:00:00
O00778,C0046,P004,2024-12-12,5,113.19,RETURNED,2024-12-15 00:00:00
O00779,C0126,P020,2025-01-19,2,72.17,COMPLETED,2025-01-26 00:00:00
O00780,C0071,P041,2024-01-12,3,205.22,RETURNED,2024-01-22 00:00:00
O00781,C0006,P038,2025-05-06,5,808.43,CANCELLED,2025-05-12 00:00:00
O00782,C0112,P020,2024-11-29,1,69.85,CANCELLED,2024-12-05 00:00:00
O00780,C0071,P041,2024-01-12,3,205.22,RETURNED,2024-12-18 00:00:00
O00783,C0126,P005,2025-07-05,5,504.39,COMPLETED,2025-07-08 00:00:00
O00784,C0047,P039,2025-07-22,1,421.37,COMPLETED,2025-07-24 00:00:00
O00785,C0023,P036,2024-03-27,1,345.98,PENDING,2024-04-04 00:00:00
O00786,C0169,P001,2025-06-15,1,54.4,RETURNED,2025-06-17 00:00:00
O00787,C0134,P023,2024-08-02,5,509.15,COMPLETED,2024-08-05 00:00:00
O00787,C0134,P023,2024-08-02,5,509.15,COMPLETED,2024-08-05 00:00:00
O00788,C0056,P009,2025-01-02,2,251.48,RETURNED,2025-01-03 00:00:00
O00789,C0167,P011,2024-09-17,1,833.46,CANCELLED,2024-09-25 00:00:00
O00790,C0069,P041,2025-01-16,2,275.33,CANCELLED,2025-01-22 00:00:00
O00791,C0112,P025,2024-09-10,-1,40.98,COMPLETED,2024-09-20 00:00:00
O00792,C0164,P006,2024-10-06,3,645.17,PENDING,2024-10-06 00:00:00
O00793,C0057,P025,2024-06-28,1,59.13,RETURNED,2024-06-29 00:00:00
O00794,C0073,P036,2024-02-19,1,419.31,RETURNED,2024-02-21 00:00:00
O00795,C0137,P036,2025-05-03,4,304.83,CANCELLED,2025-05-13 00:00:00
O00796,C0189,P018,2025-01-14,,188.11,RETURNED,2025-01-21 00:00:00
O00797,C0120,P033,2025-06-17,4,86.21,CANCELLED,2025-06-21 00:00:00
O00798,C0079,P027,2024-03-22,1,281.98,COMPLETED,2024-03-24 00:00:00
O00799,C0074,P036,2025-03-10,1,416.97,CANCELLED,2025-03-17 00:00:00
O00800,C0174,P035,2024-01-15,4,504.33,COMPLETED,2024-01-21 00:00:00
O00801,C0063,P048,2024-02-13,5,230.68,CANCELLED,2024-02-15 00:00:00
O00802,C0132,P023,2025-05-22,4,443.21,COMPLETED,2025-05-27 00:00:00
O00803,C0139,P050,2024-11-02,3,556.71,COMPLETED,2024-11-12 00:00:00
O00804,C0079,P042,2025-04-19,1,277.66,COMPLETED,2025-04-24 00:00:00
O00804,C0079,P042,2025-04-19,1,277.66,COMPLETED,2025-04-24 00:00:00
O00805,C0077,P023,2024-07-09,3,360.16,RETURNED,2024-07-16 00:00:00
O00806,C0040,P027,2024-01-08,4,346.83,CANCELLED,2024-01-15 00:00:00
O00807,C0110,P012,2024-04-21,3,490.63,RETURNED,2024-04-23 00:00:00
O00808,C0002,P023,2024-07-22,,423.07,CANCELLED,2024-07-28 00:00:00
O00809,C0009,P011,2024-09-29,4,683.76,RETURNED,2024-10-09 00:00:00
O00810,C0196,P050,2025-02-02,5,766.8,COMPLETED,2025-02-04 00:00:00
O00811,C0197,P044,2024-12-16,,316.89,COMPLETED,2024-12-22 00:00:00
O00812,C0022,P049,2024-06-05,5,597.23,PENDING,2024-06-06 00:00:00
O00813,C0064,P043,2025-04-30,2,716.1,CANCELLED,2025-05-03 00:00:00
O00814,C0163,P010,2025-02-14,2,550.12,CANCELLED,2025-02-20 00:00:00
O00814,C0163,P010,2025-02-14,2,550.12,CANCELLED,2025-02-20 00:00:00
O00815,C0014,P025,2024-08-24,3,48.27,COMPLETED,2024-09-01 00:00:00
O00816,C0029,P018,2025-03-04,3,254.86,CANCELLED,2025-03-04 00:00:00
O00816,C0029,P018,2025-03-04,3,254.86,CANCELLED,2025-03-04 00:00:00
O00817,C0083,P014,2024-04-13,3,157.95,RETURNED,2024-04-18 00:00:00
O00818,C0172,P001,2024-12-05,2,69.46,PENDING,2024-12-08 00:00:00
O00819,C0099,P006,2024-05-03,2,691.52,CANCELLED,2024-05-06 00:00:00
O00820,C0020,P035,2025-04-30,3,360.3,CANCELLED,2025-04-30 00:00:00
O00821,C0183,P017,2024-12-21,5,210.92,COMPLETED,2024-12-27 00:00:00
O00822,C0129,P002,2024-05-12,3,141.7,COMPLETED,2024-05-15 00:00:00
O00823,C0176,P035,2024-06-18,1,422.73,RETURNED,2024-06-24 00:00:00
O00824,C0001,P011,2024-01-10,5,783.84,RETURNED,2024-01-18 00:00:00
O00825,C0078,P015,2025-07-19,3,103.66,CANCELLED,2025-07-23 00:00:00
O00825,C0078,P015,2025-07-19,3,103.66,CANCELLED,2025-07-23 00:00:00
O00826,C0072,P009,2024-09-11,1,194.73,COMPLETED,2024-09-11 00:00:00
O00827,C0095,P021,2025-07-16,,551.82,PENDING,2025-07-21 00:00:00
O00828,C0003,P023,2024-06-29,3,361.7,COMPLETED,2024-07-05 00:00:00
O00829,C0161,P041,2025-03-28,2,228.31,RETURNED,2025-03-30 00:00:00
O00830,C0112,P024,2024-04-05,4,588.79,CANCELLED,2024-04-08 00:00:00
O00831,C0047,P042,2024-06-15,3,274.12,CANCELLED,2024-06-16 00:00:00
O00832,C0117,P042,2025-06-23,1,266.42,COMPLETED,2025-07-02 00:00:00
O00833,C0029,P001,2024-02-14,,68.3,PENDING,2024-02-16 00:00:00
O00834,C0003,P007,2024-03-28,3,327.48,RETURNED,2024-03-30 00:00:00
O00835,C0063,P004,2025-07-10,3,106.74,COMPLETED,2025-07-18 00:00:00
O00836,C0107,P010,2024-08-17,-1,429.17,CANCELLED,2024-08-22 00:00:00
O00837,C0176,P025,2024-04-25,,61.91,CANCELLED,2024-04-26 00:00:00
O00838,C0020,P040,2024-03-27,3,738.24,CANCELLED,2024-04-02 00:00:00
O00839,C0174,P028,2024-11-04,,449.98,COMPLETED,2024-11-08 00:00:00
O00840,C0068,P046,2024-06-01,1,490.33,CANCELLED,2024-06-07 00:00:00
O00841,C0123,P005,2024-10-12,4,404.64,CANCELLED,2024-10-14 00:00:00
O00842,C0127,P028,2024-12-07,4,609.07,CANCELLED,2024-12-13 00:00:00
O00843,C0137,P032,2025-01-28,2,486.28,CANCELLED,2025-01-29 00:00:00
O00825,C0078,P015,2025-07-19,3,103.66,CANCELLED,2025-02-16 00:00:00
O00844,C0122,P009,2024-12-23,1,264.62,CANCELLED,2024-12-27 00:00:00
O00845,C0142,P027,2024-02-27,2,262.87,CANCELLED,2024-03-04 00:00:00
O00846,C0109,P024,2025-08-18,1,698.39,CANCELLED,2025-08-18 00:00:00
O00847,C0063,P005,2025-03-02,-1,374.61,CANCELLED,2025-03-10 00:00:00
O00848,C0106,P047,2024-01-14,,278.27,COMPLETED,2024-01-23 00:00:00
O00849,C0003,P026,2025-04-10,,503.44,PENDING,2025-04-13 00:00:00
O00850,C0024,P034,2024-08-04,2,569.36,RETURNED,2024-08-06 00:00:00
O00851,C0155,P005,2025-05-03,4,472.75,RETURNED,2025-05-05 00:00:00
O00852,C0109,P013,2024-03-20,1,546.04,PENDING,2024-03-20 00:00:00
O00853,C0028,P005,2024-11-12,1,378.73,COMPLETED,2024-11-15 00:00:00
O00854,C0145,P003,2024-02-16,4,54.95,PENDING,2024-02-16 00:00:00
O00855,C0102,P033,2024-12-30,4,79.93,COMPLETED,2025-01-04 00:00:00
O00856,C0026,P033,2024-01-25,2,68.66,COMPLETED,2024-01-29 00:00:00
O00857,C0021,P041,2024-08-25,,295.15,CANCELLED,2024-08-27 00:00:00
O00858,C0187,P039,2025-04-03,3,426.9,PENDING,2025-04-12 00:00:00
O00859,C0183,P050,2024-08-01,2,660.44,CANCELLED,2024-08-10 00:00:00
O00860,C0004,P010,2025-07-14,3,508.68,COMPLETED,2025-07-21 00:00:00
O00861,C0076,P011,2025-01-07,5,545.07,RETURNED,2025-01-11 00:00:00
O00862,C0196,P029,2024-05-06,2,679.97,PENDING,2024-05-10 00:00:00
O00863,C0175,P009,2024-11-17,5,246.35,RETURNED,2024-11-21 00:00:00
O00864,C0011,P040,2024-09-07,1,723.41,CANCELLED,2024-09-08 00:00:00
O00865,C0103,P005,2024-04-05,4,435.71,RETURNED,2024-04-06 00:00:00
O00866,C0102,P050,2024-12-02,4,580.26,RETURNED,2024-12-05 00:00:00
O00867,C0072,P030,2025-04-26,2,276.99,COMPLETED,2025-05-05 00:00:00
O00868,C0093,P028,2024-02-25,2,386.05,RETURNED,2024-02-29 00:00:00
O00869,C0037,P005,2024-11-01,1,432.06,RETURNED,2024-11-09 00:00:00
O00870,C0048,P004,2024-12-16,4,83.22,CANCELLED,2024-12-21 00:00:00
O00871,C0138,P045,2025-03-23,,234.06,RETURNED,2025-03-23 00:00:00
O00872,C0051,P005,2024-05-28,5,546.32,PENDING,2024-05-28 00:00:00
O00873,C0038,P032,2025-02-20,1,487.85,RETURNED,2025-02-22 00:00:00
O00874,C0149,P007,2024-07-11,,337.96,CANCELLED,2024-07-20 00:00:00
O00875,C0049,P044,2025-01-14,1,232.0,PENDING,2025-01-22 00:00:00
O00876,C0128,P042,2025-02-24,4,275.34,RETURNED,2025-03-04 00:00:00
O00877,C0046,P030,2025-07-20,2,328.09,RETURNED,2025-07-24 00:00:00
O00878,C0112,P041,2024-04-11,5,294.96,COMPLETED,2024-04-12 00:00:00
O00879,C0106,P007,2025-07-11,5,321.68,COMPLETED,2025-07-21 00:00:00
O00880,C0058,P050,2024-04-27,4,618.81,COMPLETED,2024-05-02 00:00:00
O00881,C0106,P042,invalid_date,,223.3,CANCELLED,2025-02-17 00:00:00
O00882,C0068,P020,invalid_date,4,69.85,COMPLETED,2024-09-04 00:00:00
O00882,C0068,P020,invalid_date,4,69.85,COMPLETED,2024-09-04 00:00:00
O00883,C0133,P048,2024-06-23,3,233.24,CANCELLED,2024-07-01 00:00:00
O00884,C0165,P026,2025-03-15,5,462.92,CANCELLED,2025-03-21 00:00:00
O00885,C0112,P015,2025-05-31,2,124.04,RETURNED,2025-06-10 00:00:00
O00886,C0041,P021,2024-01-27,1,712.11,CANCELLED,2024-01-27 00:00:00
O00887,C0021,P037,2024-05-13,,707.92,PENDING,2024-05-15 00:00:00
O00888,C0077,P013,2025-01-22,2,518.27,PENDING,2025-01-23 00:00:00
O00889,C0164,P038,2025-04-15,1,591.15,CANCELLED,2025-04-19 00:00:00
O00890,C0020,P032,2025-02-04,2,503.4,RETURNED,2025-02-05 00:00:00
O00891,C0054,P044,2025-04-06,3,255.91,COMPLETED,2025-04-08 00:00:00
O00892,C0009,P008,2025-05-10,3,231.33,COMPLETED,2025-05-12 00:00:00
O00893,C0032,P013,2024-01-24,5,541.9,CANCELLED,2024-01-29 00:00:00
O00894,C0084,P009,2024-05-09,,224.42,COMPLETED,2024-05-14 00:00:00
O00895,C0120,P048,2025-06-08,4,226.83,PENDING,2025-06-10 00:00:00
O00896,C0184,P018,2025-08-20,1,223.08,CANCELLED,2025-08-23 00:00:00
O00897,C0115,P028,2024-11-22,3,527.53,RETURNED,2024-11-25 00:00:00
O00898,C0162,P005,2025-06-07,1,423.17,PENDING,2025-06-13 00:00:00
O00898,C0162,P005,2025-06-07,1,423.17,PENDING,2025-06-13 00:00:00
O00899,C0083,P028,2024-09-08,3,539.56,PENDING,2024-09-10 00:00:00
O00900,C0082,P045,2024-12-02,-1,221.1,PENDING,2024-12-05 00:00:00
O00901,C0155,P014,2025-07-28,1,188.75,COMPLETED,2025-08-06 00:00:00
O00902,C0194,P028,2024-07-21,3,574.85,RETURNED,2024-07-21 00:00:00
O00903,C0032,P029,2025-01-27,3,525.8,COMPLETED,2025-02-06 00:00:00
O00904,C0002,P030,2024-02-07,4,386.32,COMPLETED,2024-02-12 00:00:00
O00905,C0025,P027,2024-11-20,3,306.94,PENDING,2024-11-27 00:00:00
O00906,C0179,P030,2024-05-04,,389.37,COMPLETED,2024-05-04 00:00:00
O00907,C0036,P007,2025-03-22,,264.85,PENDING,2025-03-30 00:00:00
O00908,C0014,P017,2024-04-23,1,195.86,PENDING,2024-04-28 00:00:00
O00909,C0098,P018,2025-08-20,2,175.42,CANCELLED,2025-08-29 00:00:00
O00910,C0106,P041,2025-06-18,1,266.66,RETURNED,2025-06-22 00:00:00
O00911,C0058,P006,2024-03-25,3,655.37,CANCELLED,2024-04-04 00:00:00
O00912,C0178,P005,2024-03-02,4,478.86,RETURNED,2024-03-08 00:00:00
O00913,C0054,P038,2024-11-16,5,657.15,RETURNED,2024-11-26 00:00:00
O00914,C0034,P015,2025-04-08,4,120.37,RETURNED,2025-04-11 00:00:00
O00915,C0176,P020,2024-04-14,5,68.93,COMPLETED,2024-04-17 00:00:00
O00915,C0176,P020,2024-04-14,5,68.93,COMPLETED,2024-04-17 00:00:00
O00916,C0069,P002,2025-04-08,5,94.74,COMPLETED,2025-04-13 00:00:00
O00917,C0129,P028,2025-03-27,1,404.17,RETURNED,2025-04-02 00:00:00
O00918,C0046,P039,2025-05-20,5,375.54,COMPLETED,2025-05-30 00:00:00
O00919,C0030,P004,2024-09-29,5,93.69,PENDING,2024-10-02 00:00:00
O00920,C0104,P026,2024-10-01,2,365.37,CANCELLED,2024-10-06 00:00:00
O00921,C0074,P047,2024-07-08,-1,366.0,RETURNED,2024-07-12 00:00:00
O00922,C0044,P021,2024-07-10,2,655.9,COMPLETED,2024-07-20 00:00:00
O00923,C0046,P017,2024-01-10,2,265.33,COMPLETED,2024-01-17 00:00:00
O00924,C0012,P002,2024-08-21,3,97.49,CANCELLED,2024-08-22 00:00:00
O00925,C0086,P029,2025-07-12,3,679.39,PENDING,2025-07-19 00:00:00
O00925,C0086,P029,2025-07-12,3,679.39,PENDING,2025-07-19 00:00:00
O00926,C0182,P022,2025-05-10,,340.41,COMPLETED,2025-05-12 00:00:00
O00927,C0169,P010,2024-09-07,1,486.86,RETURNED,2024-09-12 00:00:00
O00928,C0097,P041,2025-07-11,3,250.7,CANCELLED,2025-07-15 00:00:00
O00929,C0085,P026,2024-11-12,3,451.02,PENDING,2024-11-21 00:00:00
O00930,C0146,P023,2025-05-25,1,391.67,CANCELLED,2025-06-02 00:00:00
O00931,C0171,P011,2024-03-07,3,526.64,COMPLETED,2024-03-10 00:00:00
O00932,C0014,P032,2024-12-26,4,334.36,PENDING,2024-12-28 00:00:00
O00933,C0129,P043,2024-06-07,5,687.0,CANCELLED,2024-06-10 00:00:00
O00934,C0075,P015,2024-09-11,3,127.51,RETURNED,2024-09-17 00:00:00
O00935,C0067,P020,2025-07-31,2,68.92,CANCELLED,2025-08-10 00:00:00
O00936,C0107,P036,2024-03-28,3,416.08,RETURNED,2024-04-05 00:00:00
O00937,C0112,P007,2024-11-16,4,360.15,PENDING,2024-11-23 00:00:00
O00938,C0106,P030,2025-07-26,-1,362.85,COMPLETED,2025-07-28 00:00:00
O00939,C0063,P038,2025-07-10,2,854.64,COMPLETED,2025-07-16 00:00:00
O00940,C0119,P049,2024-02-25,4,625.53,COMPLETED,2024-03-01 00:00:00
O00941,C0145,P031,2024-05-04,1,699.99,COMPLETED,2024-05-07 00:00:00
O00942,C0127,P009,2024-06-07,,205.76,COMPLETED,2024-06-14 00:00:00
O00943,C0018,P001,2025-06-16,1,51.8,RETURNED,2025-06-16 00:00:00
O00944,C0015,P008,2024-07-07,4,257.08,PENDING,2024-07-16 00:00:00
O00945,C0158,P008,2024-01-23,,254.61,CANCELLED,2024-01-25 00:00:00
O00946,C0052,P031,2024-04-12,3,643.43,PENDING,2024-04-18 00:00:00
O00947,C0119,P027,2024-01-29,2,263.32,RETURNED,2024-01-29 00:00:00
O00947,C0119,P027,2024-01-29,2,263.32,CANCELLED,2024-02-09 00:00:00
O00948,C0091,P009,2025-04-14,,279.09,PENDING,2025-04-22 00:00:00
O00949,C0090,P046,2024-03-05,5,491.7,PENDING,2024-03-12 00:00:00
O00950,C0072,P049,2024-03-10,4,752.9,RETURNED,2024-03-17 00:00:00
O00951,C0182,P033,2024-09-22,5,66.62,PENDING,2024-10-01 00:00:00
O00952,C0012,P002,2024-08-25,2,94.07,RETURNED,2024-08-30 00:00:00
O00953,C0188,P016,2025-01-28,2,317.84,COMPLETED,2025-01-28 00:00:00
O00954,C0192,P005,2024-01-31,3,404.24,RETURNED,2024-02-06 00:00:00
O00955,C0143,P013,2025-03-24,4,417.49,CANCELLED,2025-03-30 00:00:00
O00956,C0050,P006,2024-04-08,,648.42,COMPLETED,2024-04-13 00:00:00
O00957,C0019,P022,2025-06-24,,362.52,RETURNED,2025-07-02 00:00:00
O00958,C0144,P009,2025-03-13,4,267.31,COMPLETED,2025-03-15 00:00:00
O00959,C0031,P032,2025-07-07,5,381.87,PENDING,2025-07-11 00:00:00
O00960,C0041,P019,2024-09-04,5,618.51,PENDING,2024-09-10 00:00:00
O00961,C0029,P038,2024-01-31,3,695.39,CANCELLED,2024-02-05 00:00:00
O00962,C0053,P036,2024-03-04,3,273.83,COMPLETED,2024-03-09 00:00:00
O00963,C0154,P048,2025-07-18,1,154.71,COMPLETED,2025-07-19 00:00:00
O00963,C0154,P048,2025-07-18,1,154.71,COMPLETED,2025-07-19 00:00:00
O00964,C0167,P023,2024-08-21,3,370.75,CANCELLED,2024-08-29 00:00:00
O00965,C0176,P048,2025-05-08,-1,212.58,CANCELLED,2025-05-14 00:00:00
O00966,C0030,P029,2025-01-11,5,632.06,COMPLETED,2025-01-14 00:00:00
O00967,C0059,P027,2025-08-04,5,369.43,CANCELLED,2025-08-04 00:00:00
O00968,C0047,P019,2024-09-07,3,420.33,RETURNED,2024-09-14 00:00:00
O00969,C0020,P017,2025-05-21,2,249.02,CANCELLED,2025-05-28 00:00:00
O00970,C0200,P036,2024-09-07,,306.24,COMPLETED,2024-09-07 00:00:00
O00971,C0160,P032,2024-05-20,2,445.03,PENDING,2024-05-28 00:00:00
O00972,C0037,P003,2025-03-26,,66.86,COMPLETED,2025-03-26 00:00:00
O00962,C0053,P036,2024-03-04,3,273.83,RETURNED,2025-04-12 00:00:00
O00973,C0077,P006,2025-01-28,5,662.78,RETURNED,2025-02-04 00:00:00
O00973,C0077,P006,2025-01-28,5,662.78,RETURNED,2025-02-04 00:00:00
O00974,C0048,P043,2024-11-08,1,701.98,COMPLETED,2024-11-17 00:00:00
O00975,C0068,P049,2024-12-15,1,744.88,RETURNED,2024-12-15 00:00:00
O00976,C0185,P044,2025-04-19,5,334.74,PENDING,2025-04-21 00:00:00
O00977,C0061,P009,2024-10-07,3,199.1,PENDING,2024-10-12 00:00:00
O00968,C0047,P019,2024-09-07,3,420.33,CANCELLED,2024-10-22 00:00:00
O00978,C0169,P017,2024-01-13,5,223.44,PENDING,2024-01-17 00:00:00
O00979,C0005,P029,2024-02-07,-1,677.31,CANCELLED,2024-02-13 00:00:00
O00980,C0071,P040,2025-03-27,1,793.03,PENDING,2025-03-31 00:00:00
O00981,C0162,P012,2024-02-20,5,490.26,CANCELLED,2024-03-01 00:00:00
O00982,C0082,P003,2024-03-03,2,84.62,PENDING,2024-03-03 00:00:00
O00983,C0091,P035,2024-08-28,5,335.01,RETURNED,2024-08-29 00:00:00
O00984,C0084,P037,2025-03-01,,641.17,PENDING,2025-03-03 00:00:00
O00984,C0084,P037,2025-03-01,,641.17,PENDING,2025-03-03 00:00:00
O00985,C0093,P022,2025-01-18,,383.8,COMPLETED,2025-01-20 00:00:00
O00986,C0039,P038,2024-08-04,-1,726.58,PENDING,2024-08-07 00:00:00
O00987,C0169,P047,2024-03-21,,407.59,CANCELLED,2024-03-30 00:00:00
O00988,C0141,P047,2024-05-04,,338.17,COMPLETED,2024-05-13 00:00:00
O00989,C0113,P021,2024-10-27,5,614.95,PENDING,2024-10-30 00:00:00
O00990,C0030,P045,2025-02-23,,198.82,COMPLETED,2025-02-28 00:00:00
O00991,C0115,P027,2025-07-04,2,386.16,CANCELLED,2025-07-13 00:00:00
O00992,C0081,P008,2025-06-01,4,228.77,CANCELLED,2025-06-03 00:00:00
O00968,C0047,P019,2024-09-07,3,420.33,CANCELLED,2025-06-16 00:00:00
O00993,C0196,P036,2024-04-13,4,267.36,RETURNED,2024-04-13 00:00:00
O00994,C0034,P033,2025-03-08,4,69.37,CANCELLED,2025-03-12 00:00:00
O00995,C0087,P038,2024-02-16,1,869.62,RETURNED,2024-02-22 00:00:00
O00996,C0112,P019,2024-05-17,,567.1,COMPLETED,2024-05-19 00:00:00
O00997,C0095,P044,2024-11-24,4,303.97,PENDING,2024-11-25 00:00:00
O00998,C0013,P037,2025-08-16,5,802.14,PENDING,2025-08-21 00:00:00
O00999,C0037,P003,2024-08-03,,61.06,PENDING,2024-08-04 00:00:00
O01000,C0074,P018,2024-06-22,2,257.19,COMPLETED,2024-06-25 00:00:00
O01001,C0053,P036,2024-01-29,2,268.31,CANCELLED,2024-01-29 00:00:00
O01002,C0095,P014,2025-03-12,5,181.22,RETURNED,2025-03-16 00:00:00
O01003,C0031,P029,2024-09-26,4,563.95,PENDING,2024-10-06 00:00:00
O01004,C0021,P048,2024-03-17,,189.06,PENDING,2024-03-24 00:00:00
O01005,C0199,P005,2024-02-09,3,534.79,PENDING,2024-02-12 00:00:00
O01006,C0161,P003,2024-01-09,,71.23,CANCELLED,2024-01-19 00:00:00
O01007,C0125,P012,2024-05-14,3,538.99,CANCELLED,2024-05-14 00:00:00
O01008,C0157,P014,2025-03-04,1,189.23,CANCELLED,2025-03-14 00:00:00
O01009,C0047,P020,2025-05-11,3,62.0,PENDING,2025-05-19 00:00:00
O01010,C0029,P049,2025-04-02,4,758.77,COMPLETED,2025-04-04 00:00:00
O01011,C0030,P023,2024-05-11,,468.38,RETURNED,2024-05-20 00:00:00
O01012,C0075,P018,2024-03-03,4,195.77,PENDING,2024-03-09 00:00:00
O01013,C0103,P017,2025-05-12,3,199.57,COMPLETED,2025-05-16 00:00:00
O01014,C0043,P035,2024-04-22,,443.87,PENDING,2024-04-24 00:00:00
O00995,C0087,P038,2024-02-16,1,869.62,CANCELLED,2024-05-04 00:00:00
O01015,C0200,P046,2025-07-20,3,462.54,CANCELLED,2025-07-25 00:00:00
O01016,C0138,P026,2024-10-24,2,520.46,PENDING,2024-10-30 00:00:00
O01017,C0004,P003,2024-04-14,5,78.0,COMPLETED,2024-04-16 00:00:00
O01006,C0161,P003,2024-01-09,,71.23,COMPLETED,2024-04-29 00:00:00
O01018,C0192,P008,2025-02-14,4,246.3,PENDING,2025-02-15 00:00:00
O01019,C0181,P049,2024-01-16,1,717.76,CANCELLED,2024-01-17 00:00:00
O01020,C0050,P039,2025-03-11,3,356.38,PENDING,2025-03-18 00:00:00
O01021,C0168,P037,2025-03-15,3,814.6,PENDING,2025-03-22 00:00:00
O01022,C0130,P016,2025-02-07,4,372.53,COMPLETED,2025-02-14 00:00:00
O01023,C0102,P050,2025-05-03,3,671.34,PENDING,2025-05-05 00:00:00
O01024,C0025,P036,2024-09-12,4,328.83,RETURNED,2024-09-20 00:00:00
O01025,C0060,P004,2025-02-25,3,85.04,CANCELLED,2025-02-25 00:00:00
O01026,C0105,P001,2025-07-29,2,61.75,PENDING,2025-08-08 00:00:00
O01027,C0124,P033,2024-03-24,,70.19,COMPLETED,2024-03-30 00:00:00
O01024,C0025,P036,2024-09-12,4,328.83,RETURNED,2024-04-05 00:00:00
O01028,C0043,P013,2024-02-09,1,480.15,RETURNED,2024-02-11 00:00:00
O01029,C0103,P001,2024-10-28,4,71.51,PENDING,2024-11-05 00:00:00
O01030,C0145,P042,2025-06-19,3,272.43,PENDING,2025-06-27 00:00:00
O01031,C0054,P022,2024-05-18,,344.82,RETURNED,2024-05-18 00:00:00
O01032,C0121,P005,2024-11-15,1,378.2,COMPLETED,2024-11-23 00:00:00
O01033,C0160,P030,2024-12-24,1,380.94,PENDING,2025-01-03 00:00:00
O01033,C0160,P030,2024-12-24,1,380.94,PENDING,2025-01-03 00:00:00
O01034,C0073,P028,2025-01-11,3,478.13,PENDING,2025-01-19 00:00:00
O01035,C0020,P038,2024-08-09,,640.09,COMPLETED,2024-08-11 00:00:00
O01036,C0197,P025,2024-10-10,5,55.79,RETURNED,2024-10-13 00:00:00
O01037,C0056,P006,2024-05-30,5,557.33,COMPLETED,2024-06-04 00:00:00
O01038,C0036,P033,2025-04-28,4,72.82,COMPLETED,2025-05-01 00:00:00
O01039,C0099,P046,2025-06-18,3,470.81,CANCELLED,2025-06-20 00:00:00
O01040,C0183,P010,2025-03-28,5,506.87,COMPLETED,2025-04-05 00:00:00
O01041,C0046,P002,2024-12-20,4,100.1,CANCELLED,2024-12-26 00:00:00
O01042,C0003,P013,invalid_date,5,437.22,COMPLETED,2024-07-23 00:00:00
O01043,C0004,P039,2024-10-08,,440.14,PENDING,2024-10-12 00:00:00
O01044,C0008,P046,2025-04-10,5,583.62,COMPLETED,2025-04-10 00:00:00
O01045,C0183,P010,2024-05-14,2,516.55,COMPLETED,2024-05-14 00:00:00
O01046,C0081,P007,2024-07-17,3,368.5,PENDING,2024-07-27 00:00:00
O01047,C0182,P011,2025-01-10,5,833.58,RETURNED,2025-01-16 00:00:00
O01048,C0017,P013,2024-05-31,5,384.61,RETURNED,2024-05-31 00:00:00
O01049,C0130,P027,2024-01-04,,331.88,COMPLETED,2024-01-09 00:00:00
O01050,C0023,P037,2024-04-29,1,562.87,COMPLETED,2024-05-01 00:00:00
O01051,C0006,P050,2024-08-10,1,616.02,CANCELLED,2024-08-14 00:00:00
O01052,C0049,P048,2024-11-13,2,207.14,CANCELLED,2024-11-17 00:00:00
O01053,C0058,P013,2024-06-30,2,425.36,RETURNED,2024-07-04 00:00:00
O01054,C0094,P023,2025-04-05,5,514.72,CANCELLED,2025-04-05 00:00:00
O01055,C0040,P035,2025-03-20,,484.01,PENDING,2025-03-23 00:00:00
O01056,C0142,P048,2025-06-09,1,166.42,RETURNED,2025-06-13 00:00:00
O01056,C0142,P048,2025-06-09,1,166.42,RETURNED,2025-06-13 00:00:00
O01057,C0169,P041,2025-04-23,2,241.15,RETURNED,2025-05-03 00:00:00
O01042,C0003,P013,invalid_date,5,437.22,RETURNED,2025-05-09 00:00:00
O01058,C0003,P011,2024-12-10,3,554.72,PENDING,2024-12-14 00:00:00
O01059,C0193,P002,2025-04-12,5,127.05,RETURNED,2025-04-19 00:00:00
O01060,C0096,P039,2025-02-14,,568.06,CANCELLED,2025-02-22 00:00:00
O01061,C0069,P037,2024-06-16,1,800.31,CANCELLED,2024-06-25 00:00:00
O01062,C0086,P004,2024-05-24,3,90.42,CANCELLED,2024-05-31 00:00:00
O01062,C0086,P004,2024-05-24,3,90.42,CANCELLED,2024-05-31 00:00:00
O01063,C0045,P020,2024-08-29,2,56.55,CANCELLED,2024-08-31 00:00:00
O01064,C0096,P001,2024-04-12,3,65.87,CANCELLED,2024-04-19 00:00:00
O01065,C0181,P016,2025-01-31,1,372.58,CANCELLED,2025-02-06 00:00:00
O01066,C0173,P047,2025-02-07,5,309.03,COMPLETED,2025-02-10 00:00:00
O01067,C0061,P024,2024-01-02,5,673.53,COMPLETED,2024-01-12 00:00:00
O01068,C0012,P014,2024-12-13,1,151.68,CANCELLED,2024-12-17 00:00:00
O01069,C0124,P003,2024-07-02,4,74.4,COMPLETED,2024-07-09 00:00:00
O01070,C0188,P007,2024-01-13,4,271.35,RETURNED,2024-01-23 00:00:00
O01071,C0172,P026,2024-11-06,1,485.1,COMPLETED,2024-11-15 00:00:00
O01072,C0129,P024,2024-12-09,,737.34,COMPLETED,2024-12-11 00:00:00
O01073,C0099,P044,2024-12-11,1,333.03,PENDING,2024-12-14 00:00:00
O01074,C0117,P028,2024-02-10,3,499.04,PENDING,2024-02-10 00:00:00
O01075,C0065,P028,2024-01-25,3,423.77,PENDING,2024-01-31 00:00:00
O01075,C0065,P028,2024-01-25,3,423.77,PENDING,2024-01-31 00:00:00
O01076,C0163,P003,2024-02-07,3,64.96,CANCELLED,2024-02-08 00:00:00
O01077,C0038,P041,2024-12-19,3,280.45,CANCELLED,2024-12-27 00:00:00
O01078,C0084,P024,2024-04-13,5,739.8,COMPLETED,2024-04-18 00:00:00
O01079,C0109,P026,2024-09-20,-1,485.23,COMPLETED,2024-09-26 00:00:00
O01080,C0147,P017,2025-06-10,5,246.97,COMPLETED,2025-06-15 00:00:00
O01081,C0112,P018,2024-10-10,2,167.1,RETURNED,2024-10-12 00:00:00
O01082,C0105,P014,2025-02-28,-1,159.9,RETURNED,2025-03-09 00:00:00
O01083,C0025,P015,2024-11-28,,126.03,RETURNED,2024-12-07 00:00:00
O01084,C0139,P025,2024-01-13,5,45.7,RETURNED,2024-01-15 00:00:00
O01085,C0054,P035,2025-02-03,,325.82,COMPLETED,2025-02-13 00:00:00
O01086,C0022,P014,2025-01-13,5,201.14,RETURNED,2025-01-23 00:00:00
O01087,C0150,P011,2025-03-17,5,775.31,PENDING,2025-03-25 00:00:00
O01088,C0097,P035,2024-05-06,5,363.62,COMPLETED,2024-05-15 00:00:00
O01089,C0197,P050,2025-07-17,4,704.22,RETURNED,2025-07-26 00:00:00
O01090,C0162,P007,2024-11-21,,335.79,CANCELLED,2024-11-27 00:00:00
O01091,C0116,P011,2025-02-13,2,698.23,PENDING,2025-02-20 00:00:00
O01092,C0026,P025,2025-03-04,4,53.35,CANCELLED,2025-03-06 00:00:00
O01093,C0021,P039,2024-01-24,4,406.99,RETURNED,2024-02-03 00:00:00
O01094,C0191,P039,2025-02-02,,544.08,CANCELLED,2025-02-09 00:00:00
O01095,C0045,P031,2024-11-26,2,509.99,COMPLETED,2024-11-29 00:00:00
O01096,C0176,P039,2024-06-30,2,462.92,COMPLETED,2024-07-09 00:00:00
O01097,C0041,P016,2024-01-08,1,359.65,RETURNED,2024-01-16 00:00:00
O01098,C0019,P027,2025-07-04,,365.51,COMPLETED,2025-07-11 00:00:00
O01099,C0075,P026,2024-02-10,,479.77,RETURNED,2024-02-16 00:00:00
O01100,C0068,P049,2024-06-22,1,756.77,CANCELLED,2024-06-25 00:00:00
O01101,C0025,P022,2025-04-14,1,311.12,CANCELLED,2025-04-18 00:00:00
O01102,C0085,P029,2024-10-08,5,770.12,CANCELLED,2024-10-16 00:00:00
O01103,C0095,P037,2024-11-10,3,555.11,PENDING,2024-11-17 00:00:00
O01104,C0040,P048,2024-05-30,2,221.08,PENDING,2024-06-09 00:00:00
O01105,C0150,P020,2024-09-22,1,58.58,RETURNED,2024-09-29 00:00:00
O01106,C0089,P042,2024-11-17,5,223.68,RETURNED,2024-11-27 00:00:00
O01107,C0045,P031,2024-03-07,1,586.19,CANCELLED,2024-03-09 00:00:00
O01108,C0031,P042,2025-04-15,4,253.59,COMPLETED,2025-04-23 00:00:00
O01109,C0094,P043,2024-04-11,,625.12,PENDING,2024-04-19 00:00:00
O01110,C0138,P006,2025-04-02,1,495.38,PENDING,2025-04-04 00:00:00
O01111,C0063,P015,2024-06-30,4,125.9,PENDING,2024-07-01 00:00:00
O01112,C0017,P009,2024-07-31,1,235.8,RETURNED,2024-08-07 00:00:00
O01113,C0014,P021,2024-07-20,1,651.59,RETURNED,2024-07-23 00:00:00
O01114,C0154,P032,2025-08-18,1,526.7,RETURNED,2025-08-28 00:00:00
O01115,C0158,P049,2024-09-14,1,738.02,RETURNED,2024-09-24 00:00:00
O01116,C0132,P019,2024-09-27,3,449.81,PENDING,2024-10-07 00:00:00
O01117,C0113,P008,invalid_date,2,262.58,RETURNED,2025-05-21 00:00:00
O01118,C0111,P044,2024-12-16,4,308.34,CANCELLED,2024-12-19 00:00:00
O01119,C0055,P020,2025-06-27,3,63.54,CANCELLED,2025-07-06 00:00:00
O01120,C0050,P050,2024-06-10,2,524.08,RETURNED,2024-06-20 00:00:00
O01121,C0186,P018,2025-04-28,3,248.59,PENDING,2025-04-30 00:00:00
O01122,C0191,P021,2025-07-30,4,643.57,RETURNED,2025-07-30 00:00:00
O01123,C0036,P030,2024-07-26,1,355.07,PENDING,2024-07-31 00:00:00
O01123,C0036,P030,2024-07-26,1,355.07,PENDING,2024-07-31 00:00:00
O01124,C0098,P021,2024-07-23,,708.44,RETURNED,2024-07-27 00:00:00
O01125,C0084,P047,2025-04-26,,405.67,RETURNED,2025-05-03 00:00:00
O01126,C0151,P025,2024-12-16,1,46.9,PENDING,2024-12-17 00:00:00
O01127,C0019,P021,2025-02-27,,791.42,PENDING,2025-03-08 00:00:00
O01128,C0063,P021,2024-09-23,,773.09,COMPLETED,2024-09-25 00:00:00
O01129,C0180,P046,2025-04-01,3,509.8,PENDING,2025-04-08 00:00:00
O01130,C0051,P044,2024-09-18,3,365.93,CANCELLED,2024-09-19 00:00:00
O01131,C0125,P004,2025-06-08,1,95.19,COMPLETED,2025-06-16 00:00:00
O01132,C0138,P032,2024-03-09,3,454.46,COMPLETED,2024-03-17 00:00:00
O01133,C0023,P037,2024-07-14,5,750.49,RETURNED,2024-07-18 00:00:00
O01134,C0190,P010,2024-07-05,1,410.42,RETURNED,2024-07-05 00:00:00
O01135,C0160,P025,2024-08-18,-1,41.61,CANCELLED,2024-08-27 00:00:00
O01136,C0118,P042,2024-12-29,5,262.34,CANCELLED,2025-01-01 00:00:00
O01137,C0047,P007,2024-02-10,-1,337.0,COMPLETED,2024-02-15 00:00:00
O01138,C0169,P014,2025-03-10,2,156.28,CANCELLED,2025-03-15 00:00:00
O01138,C0169,P014,2025-03-10,2,156.28,CANCELLED,2025-03-15 00:00:00
O01139,C0113,P008,2024-01-27,4,246.66,CANCELLED,2024-02-02 00:00:00
O01139,C0113,P008,2024-01-27,4,246.66,CANCELLED,2024-02-02 00:00:00
O01140,C0051,P014,2024-05-07,5,151.27,COMPLETED,2024-05-09 00:00:00
O01141,C0126,P048,2024-11-20,,162.06,COMPLETED,2024-11-28 00:00:00
O01142,C0029,P030,2025-01-24,-1,305.98,COMPLETED,2025-01-29 00:00:00
O01143,C0017,P028,2024-11-03,,550.27,RETURNED,2024-11-10 00:00:00
O01143,C0017,P028,2024-11-03,,550.27,RETURNED,2024-11-10 00:00:00
O01144,C0187,P042,2024-05-24,1,200.66,COMPLETED,2024-05-26 00:00:00
O01145,C0121,P049,2024-08-02,5,758.27,PENDING,2024-08-11 00:00:00
O01146,C0045,P012,2024-07-04,2,549.81,CANCELLED,2024-07-04 00:00:00
O01147,C0161,P024,2024-11-24,3,463.09,COMPLETED,2024-12-01 00:00:00
O01147,C0161,P024,2024-11-24,3,463.09,COMPLETED,2024-12-01 00:00:00
O01148,C0105,P003,2025-06-21,5,55.18,PENDING,2025-06-24 00:00:00
O01149,C0029,P031,2025-07-03,4,756.87,COMPLETED,2025-07-07 00:00:00
O01150,C0066,P009,2025-01-09,5,244.84,COMPLETED,2025-01-16 00:00:00
O01151,C0147,P013,2024-05-12,5,398.23,COMPLETED,2024-05-13 00:00:00
O01152,C0158,P007,2024-07-08,3,298.86,RETURNED,2024-07-18 00:00:00
O01153,C0069,P049,2025-03-08,3,583.09,COMPLETED,2025-03-14 00:00:00
O01154,C0047,P001,2024-08-31,1,55.24,RETURNED,2024-09-07 00:00:00
O01155,C0148,P026,2025-04-09,2,443.97,COMPLETED,2025-04-13 00:00:00
O01156,C0087,P022,2024-09-18,2,368.48,RETURNED,2024-09-28 00:00:00
O01157,C0196,P034,2025-03-12,3,887.29,CANCELLED,2025-03-13 00:00:00
O01158,C0029,P008,2024-05-09,3,200.12,RETURNED,2024-05-17 00:00:00
O01159,C0130,P012,2024-07-18,5,495.98,COMPLETED,2024-07-21 00:00:00
O01160,C0154,P050,2025-06-21,5,638.09,CANCELLED,2025-06-29 00:00:00
O01161,C0175,P011,2024-08-19,5,770.71,CANCELLED,2024-08-27 00:00:00
O01162,C0052,P018,2024-10-30,4,216.28,RETURNED,2024-11-06 00:00:00
O01163,C0077,P001,2025-07-23,,51.93,COMPLETED,2025-07-23 00:00:00
O01164,C0124,P011,2025-02-04,2,735.86,RETURNED,2025-02-13 00:00:00
O01165,C0019,P015,2024-05-23,3,97.86,CANCELLED,2024-05-26 00:00:00
O01166,C0195,P021,2024-04-30,-1,678.24,RETURNED,2024-05-03 00:00:00
O01167,C0032,P035,2024-06-06,4,518.16,PENDING,2024-06-10 00:00:00
O01168,C0066,P008,2025-08-22,4,243.02,RETURNED,2025-08-26 00:00:00
O01169,C0188,P039,2024-09-04,3,499.72,RETURNED,2024-09-10 00:00:00
O01170,C0198,P018,2024-10-09,,228.53,PENDING,2024-10-15 00:00:00
O01171,C0092,P006,2025-05-12,-1,562.64,RETURNED,2025-05-22 00:00:00
O01172,C0182,P032,2025-01-19,5,519.35,RETURNED,2025-01-19 00:00:00
O01173,C0165,P007,2024-09-01,1,358.15,RETURNED,2024-09-07 00:00:00
O01168,C0066,P008,2025-08-22,4,243.02,CANCELLED,2024-09-21 00:00:00
O01174,C0134,P003,2025-03-18,,52.72,CANCELLED,2025-03-18 00:00:00
O01175,C0075,P027,2025-04-12,,284.08,PENDING,2025-04-17 00:00:00
O01176,C0115,P004,2024-09-26,,77.15,PENDING,2024-10-02 00:00:00
O01177,C0045,P032,2024-12-26,3,491.58,CANCELLED,2024-12-31 00:00:00
O01178,C0185,P006,2025-05-24,3,633.86,CANCELLED,2025-05-28 00:00:00
O01179,C0087,P029,2024-06-21,2,555.59,PENDING,2024-06-29 00:00:00
O01180,C0194,P036,2024-03-18,4,276.77,RETURNED,2024-03-22 00:00:00
O01181,C0091,P026,2024-04-16,4,483.89,PENDING,2024-04-25 00:00:00
O01182,C0058,P029,2025-07-15,2,846.5,COMPLETED,2025-07-22 00:00:00
O01183,C0057,P016,2024-08-09,4,298.17,COMPLETED,2024-08-18 00:00:00
O01184,C0143,P036,2025-02-26,2,348.05,RETURNED,2025-03-08 00:00:00
O01185,C0100,P048,2024-09-26,3,176.09,CANCELLED,2024-10-01 00:00:00
O01186,C0178,P009,2024-09-09,,235.06,COMPLETED,2024-09-17 00:00:00
O01187,C0027,P039,2025-07-21,3,401.19,PENDING,2025-07-30 00:00:00
O01188,C0113,P032,2024-06-24,1,429.61,COMPLETED,2024-06-29 00:00:00
O01189,C0017,P044,2024-10-09,,368.07,COMPLETED,2024-10-18 00:00:00
O01190,C0035,P026,2024-11-13,4,470.97,PENDING,2024-11-16 00:00:00
O01191,C0105,P010,2025-08-23,,338.9,COMPLETED,2025-08-28 00:00:00
O01192,C0019,P040,2024-06-14,4,617.56,CANCELLED,2024-06-16 00:00:00
O01192,C0019,P040,2024-06-14,4,617.56,CANCELLED,2024-06-16 00:00:00
O01193,C0187,P008,2025-02-17,1,268.51,RETURNED,2025-02-23 00:00:00
O01194,C0088,P012,2024-06-30,3,539.7,RETURNED,2024-07-01 00:00:00
O01195,C0059,P023,2024-03-24,,529.48,PENDING,2024-03-24 00:00:00
O01196,C0143,P004,invalid_date,1,113.87,COMPLETED,2024-06-21 00:00:00
O01197,C0146,P037,2024-06-25,1,703.56,CANCELLED,2024-07-03 00:00:00
O01198,C0175,P010,2024-06-30,5,489.13,CANCELLED,2024-07-08 00:00:00
O01199,C0008,P040,2024-05-03,5,638.89,PENDING,2024-05-04 00:00:00
O01200,C0133,P011,2024-07-16,4,852.43,PENDING,2024-07-23 00:00:00
O01201,C0100,P029,2025-07-21,,600.07,CANCELLED,2025-07-24 00:00:00
O01202,C0104,P003,2024-04-11,4,54.88,PENDING,2024-04-19 00:00:00
O01203,C0134,P026,2024-07-24,,357.91,CANCELLED,2024-07-28 00:00:00
O01204,C0112,P025,2025-05-18,1,51.53,RETURNED,2025-05-22 00:00:00
O01205,C0074,P050,2025-06-24,1,533.47,COMPLETED,2025-06-28 00:00:00
O01206,C0147,P035,2024-02-19,3,328.86,PENDING,2024-02-25 00:00:00
O01207,C0014,P044,2025-06-04,,255.69,PENDING,2025-06-14 00:00:00
O01208,C0026,P030,2024-11-23,2,275.46,CANCELLED,2024-12-02 00:00:00
O01201,C0100,P029,2025-07-21,,600.07,COMPLETED,2024-12-05 00:00:00
O01209,C0075,P001,2024-12-04,,74.63,CANCELLED,2024-12-09 00:00:00
O01210,C0040,P010,2024-09-21,5,428.25,PENDING,2024-09-24 00:00:00
O01211,C0070,P027,2025-02-27,4,375.79,CANCELLED,2025-03-06 00:00:00
O01205,C0074,P050,2025-06-24,1,533.47,COMPLETED,2025-03-17 00:00:00
O01212,C0033,P043,2024-04-27,1,743.84,RETURNED,2024-04-28 00:00:00
O01213,C0190,P017,2025-02-11,,194.0,PENDING,2025-02-12 00:00:00
O01214,C0052,P006,2024-07-24,4,698.94,RETURNED,2024-07-31 00:00:00
O01215,C0100,P012,2024-03-10,,481.61,RETURNED,2024-03-12 00:00:00
O01216,C0170,P033,2024-08-03,2,56.77,COMPLETED,2024-08-05 00:00:00
O01217,C0045,P023,2024-02-27,,393.03,PENDING,2024-03-06 00:00:00
O01218,C0050,P022,2024-01-26,4,247.45,CANCELLED,2024-02-04 00:00:00
O01219,C0037,P036,2024-04-24,1,329.95,COMPLETED,2024-05-03 00:00:00
O01220,C0083,P024,invalid_date,1,456.59,COMPLETED,2024-09-02 00:00:00
O01221,C0058,P049,2025-07-12,5,754.16,RETURNED,2025-07-21 00:00:00
O01222,C0158,P025,2024-08-31,,52.78,PENDING,2024-09-10 00:00:00
O01223,C0040,P030,2024-08-17,3,342.73,CANCELLED,2024-08-23 00:00:00
O01224,C0095,P048,2024-11-03,-1,184.77,CANCELLED,2024-11-09 00:00:00
O01225,C0054,P026,2025-04-16,4,422.58,RETURNED,2025-04-23 00:00:00
O01226,C0103,P009,2024-09-08,2,192.65,CANCELLED,2024-09-18 00:00:00
O01227,C0119,P036,2025-01-18,4,297.25,CANCELLED,2025-01-25 00:00:00
O01228,C0077,P050,2024-02-22,4,578.83,CANCELLED,2024-03-03 00:00:00
O01229,C0047,P029,2024-07-30,-1,738.98,PENDING,2024-08-09 00:00:00
O01230,C0103,P037,2024-06-03,2,654.68,CANCELLED,2024-06-10 00:00:00
O01231,C0157,P034,2024-04-09,1,579.77,COMPLETED,2024-04-09 00:00:00
O01232,C0092,P013,2024-11-10,2,449.43,PENDING,2024-11-19 00:00:00
O01233,C0087,P046,2024-04-13,3,494.1,CANCELLED,2024-04-15 00:00:00
O01234,C0159,P027,2025-04-25,5,288.4,CANCELLED,2025-04-26 00:00:00
O01235,C0114,P007,2025-01-25,2,326.91,COMPLETED,2025-02-03 00:00:00
O01236,C0113,P038,2024-01-21,4,878.65,PENDING,2024-01-26 00:00:00
O01237,C0018,P012,2025-02-07,3,370.53,CANCELLED,2025-02-17 00:00:00
O01238,C0022,P023,2024-01-17,4,492.68,CANCELLED,2024-01-22 00:00:00
O01239,C0072,P034,2025-05-16,1,608.15,CANCELLED,2025-05-20 00:00:00
O01240,C0087,P003,2025-04-14,,62.87,COMPLETED,2025-04-16 00:00:00
O01241,C0003,P048,2025-01-24,3,185.7,RETURNED,2025-01-24 00:00:00
O01242,C0097,P022,2025-03-10,5,288.58,PENDING,2025-03-14 00:00:00
O01243,C0069,P006,2024-03-27,,676.55,COMPLETED,2024-03-27 00:00:00
O01244,C0028,P016,2024-03-07,3,378.71,COMPLETED,2024-03-08 00:00:00
O01244,C0028,P016,2024-03-07,3,378.71,COMPLETED,2024-03-08 00:00:00
O01236,C0113,P038,2024-01-21,4,878.65,RETURNED,2024-03-19 00:00:00
O01245,C0040,P038,2024-12-04,4,585.27,COMPLETED,2024-12-04 00:00:00
O01246,C0191,P006,invalid_date,,643.4,CANCELLED,2024-04-06 00:00:00
O01246,C0191,P006,invalid_date,,643.4,CANCELLED,2024-04-06 00:00:00
O01247,C0083,P041,2024-07-21,4,256.41,CANCELLED,2024-07-28 00:00:00
O01248,C0016,P029,2024-03-22,1,584.06,CANCELLED,2024-03-30 00:00:00
O01249,C0032,P045,2024-07-10,2,240.61,CANCELLED,2024-07-12 00:00:00
O01250,C0076,P039,2024-10-19,,407.22,PENDING,2024-10-22 00:00:00
O01251,C0175,P017,2024-03-07,2,215.66,COMPLETED,2024-03-16 00:00:00
O01252,C0173,P049,2024-01-13,4,762.87,PENDING,2024-01-22 00:00:00
O01253,C0179,P044,2025-08-05,1,352.35,RETURNED,2025-08-10 00:00:00
O01254,C0128,P020,2025-07-13,3,49.61,CANCELLED,2025-07-13 00:00:00
O01255,C0119,P021,2025-04-19,4,658.87,CANCELLED,2025-04-21 00:00:00
O01256,C0007,P009,2024-06-01,4,173.3,CANCELLED,2024-06-03 00:00:00
O01257,C0025,P002,2024-10-04,2,89.33,RETURNED,2024-10-06 00:00:00
O01258,C0141,P018,2025-05-26,4,260.26,CANCELLED,2025-06-02 00:00:00
O01259,C0028,P005,2025-05-03,,365.86,RETURNED,2025-05-06 00:00:00
O01249,C0032,P045,2024-07-10,2,240.61,RETURNED,2025-05-16 00:00:00
O01260,C0087,P041,2025-03-15,5,269.3,PENDING,2025-03-20 00:00:00
O01261,C0033,P024,invalid_date,4,562.87,CANCELLED,2024-03-08 00:00:00
O01262,C0081,P041,2024-10-14,4,266.58,PENDING,2024-10-17 00:00:00
O01263,C0162,P037,2024-08-30,2,584.25,RETURNED,2024-08-30 00:00:00
O01264,C0099,P049,2024-03-24,3,690.92,PENDING,2024-03-25 00:00:00
O01265,C0198,P018,2024-03-01,3,185.45,COMPLETED,2024-03-06 00:00:00
O01266,C0144,P010,2025-05-11,3,467.31,CANCELLED,2025-05-21 00:00:00
O01267,C0155,P008,2024-07-18,1,221.12,CANCELLED,2024-07-24 00:00:00
O01268,C0003,P020,2024-10-30,2,62.6,RETURNED,2024-10-31 00:00:00
O01269,C0038,P029,2024-06-09,5,769.18,COMPLETED,2024-06-13 00:00:00
O01270,C0156,P030,2024-05-11,5,246.49,COMPLETED,2024-05-16 00:00:00
O01271,C0081,P047,2025-03-20,1,316.87,PENDING,2025-03-29 00:00:00
O01261,C0033,P024,invalid_date,4,562.87,CANCELLED,2025-04-09 00:00:00
O01272,C0194,P037,2024-02-27,5,733.34,RETURNED,2024-02-28 00:00:00
O01273,C0027,P034,2024-08-28,,675.83,PENDING,2024-09-02 00:00:00
O01274,C0018,P032,2025-06-21,1,502.19,CANCELLED,2025-06-29 00:00:00
O01275,C0115,P011,2024-08-20,3,735.42,COMPLETED,2024-08-20 00:00:00
O01276,C0123,P003,2024-06-05,2,56.42,PENDING,2024-06-10 00:00:00
O01277,C0102,P002,2025-05-19,3,128.19,RETURNED,2025-05-27 00:00:00
O01278,C0010,P014,2024-01-08,4,143.09,PENDING,2024-01-16 00:00:00
O01279,C0055,P010,2024-10-15,,417.82,RETURNED,2024-10-17 00:00:00
O01280,C0066,P022,2025-02-06,3,280.02,COMPLETED,2025-02-13 00:00:00
O01281,C0132,P050,2024-04-25,2,720.4,CANCELLED,2024-04-28 00:00:00
O01282,C0077,P045,2024-11-06,5,168.06,CANCELLED,2024-11-15 00:00:00
O01283,C0056,P033,2024-01-13,-1,61.59,PENDING,2024-01-16 00:00:00
O01284,C0185,P021,2024-06-18,4,663.98,PENDING,2024-06-28 00:00:00
O01285,C0158,P007,2024-02-21,1,401.91,COMPLETED,2024-02-25 00:00:00
O01286,C0041,P007,2024-07-14,2,369.2,PENDING,2024-07-15 00:00:00
O01287,C0077,P050,2024-11-05,1,614.98,CANCELLED,2024-11-06 00:00:00
O01288,C0175,P002,invalid_date,4,92.94,CANCELLED,2024-07-04 00:00:00
O01289,C0143,P018,2025-07-30,,237.95,CANCELLED,2025-08-02 00:00:00
O01290,C0008,P003,2025-02-26,4,52.31,COMPLETED,2025-03-08 00:00:00
O01291,C0072,P046,2024-07-26,4,455.46,PENDING,2024-07-29 00:00:00
O01292,C0001,P042,2025-03-21,5,260.97,CANCELLED,2025-03-21 00:00:00
O01293,C0095,P030,2024-06-16,5,383.81,CANCELLED,2024-06-21 00:00:00
O01294,C0045,P038,2024-12-21,4,599.85,RETURNED,2024-12-31 00:00:00
O01295,C0111,P006,2024-12-06,2,603.61,RETURNED,2024-12-14 00:00:00
O01296,C0011,P022,2024-05-28,,318.45,CANCELLED,2024-06-06 00:00:00
O01297,C0053,P045,2024-04-24,4,218.67,COMPLETED,2024-05-03 00:00:00
O01297,C0053,P045,2024-04-24,4,218.67,COMPLETED,2024-05-03 00:00:00
O01298,C0171,P011,2024-12-08,,629.48,PENDING,2024-12-16 00:00:00
O01299,C0101,P015,2025-02-21,,147.77,CANCELLED,2025-03-03 00:00:00
O01300,C0178,P049,2025-05-31,1,701.97,COMPLETED,2025-06-04 00:00:00
O01301,C0054,P035,invalid_date,2,379.36,CANCELLED,2024-01-27 00:00:00
O01302,C0018,P017,2025-03-08,1,233.17,COMPLETED,2025-03-17 00:00:00
O01303,C0054,P020,2025-05-04,5,60.96,RETURNED,2025-05-04 00:00:00
O01304,C0066,P045,2025-07-05,4,206.13,PENDING,2025-07-15 00:00:00
O01287,C0077,P050,2024-11-05,1,614.98,CANCELLED,2025-07-17 00:00:00
O01305,C0122,P017,2024-09-08,1,238.81,COMPLETED,2024-09-15 00:00:00
O01306,C0155,P031,2025-07-19,3,756.16,CANCELLED,2025-07-28 00:00:00
O01293,C0095,P030,2024-06-16,5,383.81,RETURNED,2025-07-30 00:00:00
O01307,C0130,P029,2025-04-19,2,705.32,COMPLETED,2025-04-23 00:00:00
O01308,C0126,P012,2024-06-15,3,478.48,RETURNED,2024-06-16 00:00:00
O01309,C0020,P013,2024-01-06,2,538.08,CANCELLED,2024-01-12 00:00:00
O01309,C0020,P013,2024-01-06,2,538.08,CANCELLED,2024-01-12 00:00:00
O01310,C0088,P044,2024-08-22,4,347.77,COMPLETED,2024-08-23 00:00:00
O01311,C0155,P037,2025-05-23,-1,728.61,COMPLETED,2025-05-31 00:00:00
O01312,C0140,P007,2024-10-12,1,362.85,COMPLETED,2024-10-13 00:00:00
O01313,C0171,P023,2024-09-06,5,557.68,COMPLETED,2024-09-06 00:00:00
O01314,C0171,P013,2025-01-17,5,476.13,CANCELLED,2025-01-26 00:00:00
O01315,C0060,P013,invalid_date,2,379.04,COMPLETED,2025-02-05 00:00:00
O01316,C0136,P001,2024-11-23,2,70.94,CANCELLED,2024-11-26 00:00:00
O01317,C0055,P007,2025-07-08,5,262.12,CANCELLED,2025-07-16 00:00:00
O01318,C0123,P033,2025-08-02,1,77.27,RETURNED,2025-08-12 00:00:00
O01319,C0068,P027,2024-02-13,4,366.14,COMPLETED,2024-02-16 00:00:00
O01320,C0101,P029,2024-05-10,2,832.21,RETURNED,2024-05-20 00:00:00
O01321,C0062,P039,2024-03-17,4,358.05,COMPLETED,2024-03-25 00:00:00
O01322,C0038,P050,2024-10-11,3,617.28,PENDING,2024-10-15 00:00:00
O01323,C0079,P031,2025-07-27,4,678.42,CANCELLED,2025-08-03 00:00:00
O01324,C0088,P035,2024-03-05,,373.76,PENDING,2024-03-09 00:00:00
O01325,C0083,P016,2024-11-09,3,304.27,RETURNED,2024-11-13 00:00:00
O01326,C0169,P013,2024-10-29,2,524.48,PENDING,2024-11-01 00:00:00
O01327,C0045,P008,2024-09-09,3,251.56,PENDING,2024-09-11 00:00:00
O01328,C0096,P016,2024-10-04,,324.07,PENDING,2024-10-06 00:00:00
O01329,C0032,P025,2024-01-04,4,57.59,PENDING,2024-01-11 00:00:00
O01330,C0150,P018,2024-07-22,4,263.79,RETURNED,2024-07-31 00:00:00
O01331,C0081,P008,2025-01-05,1,273.32,COMPLETED,2025-01-06 00:00:00
O01332,C0069,P009,2025-03-09,,269.21,COMPLETED,2025-03-09 00:00:00
O01333,C0185,P018,2024-08-24,2,224.75,PENDING,2024-09-01 00:00:00
O01334,C0006,P036,2024-06-24,2,399.1,CANCELLED,2024-07-02 00:00:00
O01335,C0024,P037,2025-05-12,3,583.31,RETURNED,2025-05-15 00:00:00
O01336,C0045,P015,2024-09-01,1,115.85,RETURNED,2024-09-08 00:00:00
O01337,C0021,P027,2024-06-02,4,304.47,RETURNED,2024-06-02 00:00:00
O01338,C0173,P032,2024-12-16,5,440.36,RETURNED,2024-12-23 00:00:00
O01339,C0181,P005,2025-01-21,,421.94,CANCELLED,2025-01-26 00:00:00
O01340,C0184,P019,2025-04-25,4,557.9,CANCELLED,2025-05-05 00:00:00
O01341,C0006,P025,2025-01-25,3,48.51,RETURNED,2025-01-31 00:00:00
O01342,C0059,P018,2025-05-05,3,185.01,CANCELLED,2025-05-05 00:00:00
O01343,C0195,P015,2024-04-04,2,122.65,PENDING,2024-04-05 00:00:00
O01344,C0039,P019,2024-10-12,4,434.24,RETURNED,2024-10-16 00:00:00
O01345,C0024,P040,2024-06-29,,692.69,RETURNED,2024-07-01 00:00:00
O01346,C0051,P039,2024-04-13,1,526.14,COMPLETED,2024-04-20 00:00:00
O01347,C0046,P010,2024-09-08,2,407.34,CANCELLED,2024-09-12 00:00:00
O01344,C0039,P019,2024-10-12,4,434.24,COMPLETED,2024-09-25 00:00:00
O01348,C0035,P011,2024-05-15,2,723.55,PENDING,2024-05-24 00:00:00
O01349,C0117,P012,2024-09-11,,479.56,COMPLETED,2024-09-12 00:00:00
O01350,C0074,P030,2025-02-08,4,356.56,RETURNED,2025-02-18 00:00:00
O01351,C0156,P037,2025-02-18,,672.3,RETURNED,2025-02-20 00:00:00
O01352,C0010,P014,2024-11-01,3,214.41,RETURNED,2024-11-07 00:00:00
O01348,C0035,P011,2024-05-15,2,723.55,COMPLETED,2024-11-12 00:00:00
O01353,C0056,P028,2025-04-05,2,571.9,CANCELLED,2025-04-15 00:00:00
O01354,C0037,P002,2024-09-15,4,114.26,RETURNED,2024-09-20 00:00:00
O01355,C0107,P004,2024-04-13,2,72.36,RETURNED,2024-04-19 00:00:00
O01356,C0020,P039,2025-07-18,5,559.84,RETURNED,2025-07-19 00:00:00
O01357,C0130,P011,2024-04-13,-1,757.44,PENDING,2024-04-13 00:00:00
O01357,C0130,P011,2024-04-13,-1,757.44,PENDING,2024-04-13 00:00:00
O01358,C0134,P024,2025-02-17,-1,633.3,PENDING,2025-02-26 00:00:00
O01359,C0133,P038,2025-05-14,4,727.69,COMPLETED,2025-05-16 00:00:00
O01360,C0170,P046,2024-09-30,,666.0,CANCELLED,2024-10-01 00:00:00
O01361,C0057,P003,2024-05-16,1,70.67,RETURNED,2024-05-18 00:00:00
O01362,C0054,P001,2024-02-08,2,59.92,COMPLETED,2024-02-11 00:00:00
O01363,C0173,P032,2025-04-15,,407.12,PENDING,2025-04-22 00:00:00
O01364,C0143,P036,2024-12-04,,316.07,CANCELLED,2024-12-14 00:00:00
O01365,C0134,P044,2024-09-08,5,232.88,RETURNED,2024-09-12 00:00:00
O01366,C0128,P047,2024-11-03,1,294.66,CANCELLED,2024-11-11 00:00:00
O01367,C0064,P030,2025-07-09,1,307.89,RETURNED,2025-07-15 00:00:00
O01368,C0063,P011,2024-03-08,,828.79,COMPLETED,2024-03-14 00:00:00
O01369,C0107,P031,2025-01-14,3,563.24,RETURNED,2025-01-20 00:00:00
O01370,C0061,P019,2024-12-10,2,469.11,RETURNED,2024-12-11 00:00:00
O01371,C0189,P001,2025-05-19,4,73.09,CANCELLED,2025-05-19 00:00:00
O01371,C0189,P001,2025-05-19,4,73.09,CANCELLED,2025-05-19 00:00:00
O01372,C0035,P019,2024-12-31,3,409.9,CANCELLED,2025-01-04 00:00:00
O01371,C0189,P001,2025-05-19,4,73.09,COMPLETED,2025-01-11 00:00:00
O01373,C0158,P001,2024-06-23,2,69.88,RETURNED,2024-06-24 00:00:00
O01374,C0135,P005,2024-05-21,3,465.11,PENDING,2024-05-23 00:00:00
O01375,C0025,P032,2024-10-17,,515.47,CANCELLED,2024-10-24 00:00:00
O01376,C0131,P020,2025-02-14,,70.46,PENDING,2025-02-24 00:00:00
O01377,C0039,P046,2024-03-01,1,482.09,COMPLETED,2024-03-08 00:00:00
O01378,C0073,P050,2025-08-16,3,622.46,RETURNED,2025-08-17 00:00:00
O01379,C0172,P036,2024-08-02,3,370.96,PENDING,2024-08-04 00:00:00
O01380,C0013,P003,2025-02-02,3,68.3,RETURNED,2025-02-07 00:00:00
O01381,C0191,P046,2025-08-03,3,501.0,CANCELLED,2025-08-07 00:00:00
O01382,C0086,P010,2024-09-02,2,443.82,PENDING,2024-09-05 00:00:00
O01383,C0198,P001,2024-12-17,,56.72,COMPLETED,2024-12-18 00:00:00
O01384,C0129,P013,2025-06-01,3,455.87,CANCELLED,2025-06-07 00:00:00
O01385,C0011,P030,2025-07-14,5,398.54,RETURNED,2025-07-14 00:00:00
O01384,C0129,P013,2025-06-01,3,455.87,RETURNED,2025-07-26 00:00:00
O01386,C0122,P027,2025-08-08,5,293.68,CANCELLED,2025-08-15 00:00:00
O01387,C0010,P015,2024-09-17,5,90.98,CANCELLED,2024-09-17 00:00:00
O01388,C0062,P026,2024-02-18,-1,497.75,PENDING,2024-02-26 00:00:00
O01389,C0107,P002,2024-11-09,,125.3,RETURNED,2024-11-18 00:00:00
O01390,C0074,P050,2025-02-02,2,576.07,CANCELLED,2025-02-02 00:00:00
O01391,C0166,P016,2024-04-11,1,370.41,PENDING,2024-04-13 00:00:00
O01392,C0107,P011,2024-06-16,2,775.36,PENDING,2024-06-20 00:00:00
O01393,C0164,P005,2024-05-04,2,336.35,CANCELLED,2024-05-05 00:00:00
O01394,C0070,P012,2024-12-11,4,514.8,RETURNED,2024-12-19 00:00:00
O01395,C0072,P006,2024-12-27,1,647.49,PENDING,2024-12-27 00:00:00
O01396,C0197,P006,2024-05-29,2,570.02,CANCELLED,2024-06-05 00:00:00
O01397,C0090,P002,2025-03-18,4,116.84,RETURNED,2025-03-21 00:00:00
O01398,C0124,P050,2024-03-09,,702.21,RETURNED,2024-03-17 00:00:00
O01399,C0165,P024,2024-02-07,1,456.68,PENDING,2024-02-07 00:00:00
O01400,C0167,P022,2024-11-18,1,249.84,COMPLETED,2024-11-27 00:00:00
O01401,C0152,P009,2025-07-18,5,209.02,COMPLETED,2025-07-28 00:00:00
O01402,C0109,P019,2024-02-26,1,552.55,CANCELLED,2024-03-01 00:00:00
O01403,C0072,P022,2025-06-27,1,312.13,PENDING,2025-07-03 00:00:00
O01403,C0072,P022,2025-06-27,1,312.13,PENDING,2025-07-03 00:00:00
O01404,C0084,P012,2025-06-21,2,533.64,PENDING,2025-06-22 00:00:00
O01405,C0086,P021,2025-08-13,2,767.6,CANCELLED,2025-08-13 00:00:00
O01406,C0141,P049,2025-07-16,1,829.38,PENDING,2025-07-24 00:00:00
O01407,C0104,P049,2025-03-06,3,646.96,COMPLETED,2025-03-08 00:00:00
O01408,C0151,P001,2024-02-13,4,56.37,COMPLETED,2024-02-17 00:00:00
O01409,C0064,P006,2025-08-05,2,456.15,COMPLETED,2025-08-12 00:00:00
O01410,C0044,P048,2025-06-05,,180.04,PENDING,2025-06-14 00:00:00
O01411,C0049,P032,2025-03-16,1,476.06,CANCELLED,2025-03-24 00:00:00
O01412,C0152,P027,2024-10-02,3,377.89,COMPLETED,2024-10-08 00:00:00
O01413,C0001,P008,2024-09-16,2,228.84,COMPLETED,2024-09-26 00:00:00
O01414,C0060,P016,2024-03-14,,272.02,CANCELLED,2024-03-18 00:00:00
O01415,C0167,P014,2024-01-15,,165.67,RETURNED,2024-01-17 00:00:00
O01416,C0032,P024,2025-01-22,4,652.84,RETURNED,2025-02-01 00:00:00
O01417,C0053,P025,2024-09-05,,60.91,RETURNED,2024-09-05 00:00:00
O01418,C0041,P004,2025-04-14,1,79.07,COMPLETED,2025-04-18 00:00:00
O01419,C0110,P050,2025-06-26,-1,614.22,PENDING,2025-07-06 00:00:00
O01420,C0071,P031,2024-06-13,3,626.34,CANCELLED,2024-06-13 00:00:00
O01421,C0099,P015,2025-06-05,5,99.08,PENDING,2025-06-10 00:00:00
O01422,C0070,P043,2025-02-17,3,643.09,COMPLETED,2025-02-20 00:00:00
O01423,C0063,P049,2025-08-11,5,713.76,CANCELLED,2025-08-21 00:00:00
O01424,C0039,P002,2025-07-21,,107.25,RETURNED,2025-07-24 00:00:00
O01425,C0185,P049,2024-10-05,,747.36,PENDING,2024-10-06 00:00:00
O01426,C0063,P021,2024-12-31,3,586.62,PENDING,2025-01-07 00:00:00
O01427,C0005,P045,2024-05-20,5,252.01,CANCELLED,2024-05-27 00:00:00
O01428,C0019,P007,2025-03-27,5,286.03,CANCELLED,2025-03-30 00:00:00
O01409,C0064,P006,2025-08-05,2,456.15,RETURNED,2025-04-13 00:00:00
O01429,C0031,P018,2024-08-02,4,257.8,COMPLETED,2024-08-03 00:00:00
O01430,C0138,P048,2024-02-15,2,168.14,CANCELLED,2024-02-25 00:00:00
O01431,C0126,P014,2024-04-12,3,186.59,PENDING,2024-04-12 00:00:00
O01432,C0092,P049,2024-06-17,,566.89,COMPLETED,2024-06-27 00:00:00
O01433,C0041,P015,2024-07-02,,102.8,CANCELLED,2024-07-06 00:00:00
O01434,C0058,P040,2024-07-28,1,789.84,PENDING,2024-08-07 00:00:00
O01435,C0041,P031,2025-01-18,2,544.36,RETURNED,2025-01-19 00:00:00
O01436,C0019,P010,2024-08-22,4,373.13,PENDING,2024-08-29 00:00:00
O01437,C0137,P043,2025-03-11,4,724.14,RETURNED,2025-03-15 00:00:00
O01438,C0188,P050,2025-02-19,2,710.68,RETURNED,2025-02-20 00:00:00
O01439,C0178,P009,2025-06-30,2,184.15,RETURNED,2025-07-06 00:00:00
O01440,C0189,P009,2025-07-05,2,259.11,CANCELLED,2025-07-05 00:00:00
O01441,C0019,P016,2024-12-13,1,265.73,PENDING,2024-12-18 00:00:00
O01442,C0012,P028,2024-05-23,2,433.88,COMPLETED,2024-05-31 00:00:00
O01443,C0109,P047,2024-11-25,1,362.92,PENDING,2024-11-25 00:00:00
O01443,C0109,P047,2024-11-25,1,362.92,PENDING,2024-11-25 00:00:00
O01426,C0063,P021,2024-12-31,3,586.62,RETURNED,2024-12-06 00:00:00
O01444,C0186,P002,2025-08-22,2,126.68,RETURNED,2025-08-23 00:00:00
O01445,C0166,P024,2024-01-27,,742.16,PENDING,2024-02-02 00:00:00
O01446,C0130,P042,2024-09-24,3,242.94,CANCELLED,2024-10-03 00:00:00
O01447,C0074,P032,2024-06-03,1,496.55,COMPLETED,2024-06-08 00:00:00
O01448,C0112,P030,invalid_date,-1,284.41,CANCELLED,2024-02-26 00:00:00
O01449,C0093,P047,2024-06-02,5,343.85,CANCELLED,2024-06-08 00:00:00
O01450,C0059,P021,2025-01-09,1,563.67,RETURNED,2025-01-09 00:00:00
O01446,C0130,P042,2024-09-24,3,242.94,COMPLETED,2025-01-26 00:00:00
O01451,C0054,P016,2025-07-25,5,307.47,COMPLETED,2025-08-03 00:00:00
O01452,C0135,P012,2024-10-01,1,550.51,RETURNED,2024-10-05 00:00:00
O01453,C0143,P034,2024-09-21,3,775.0,RETURNED,2024-09-28 00:00:00
O01454,C0050,P025,2025-06-25,2,47.63,CANCELLED,2025-06-27 00:00:00
O01455,C0103,P040,2024-06-23,,752.04,PENDING,2024-06-29 00:00:00
O01450,C0059,P021,2025-01-09,1,563.67,RETURNED,2024-07-06 00:00:00
O01456,C0095,P047,2025-03-17,5,303.03,PENDING,2025-03-18 00:00:00
O01457,C0100,P019,2025-02-03,,622.06,PENDING,2025-02-07 00:00:00
O01458,C0104,P015,2024-12-14,3,101.52,CANCELLED,2024-12-14 00:00:00
O01459,C0079,P027,2025-06-09,3,371.44,COMPLETED,2025-06-12 00:00:00
O01460,C0143,P045,2024-10-09,2,262.96,RETURNED,2024-10-18 00:00:00
O01461,C0177,P022,2024-02-28,,280.93,CANCELLED,2024-03-02 00:00:00
O01462,C0091,P013,2024-11-18,3,393.49,CANCELLED,2024-11-20 00:00:00
O01463,C0183,P039,2024-05-06,4,486.66,CANCELLED,2024-05-09 00:00:00
O01464,C0051,P032,2024-11-26,4,342.56,RETURNED,2024-11-26 00:00:00
O01465,C0193,P040,2024-12-01,4,565.48,RETURNED,2024-12-09 00:00:00
O01466,C0003,P001,2024-01-28,2,46.69,COMPLETED,2024-02-02 00:00:00
O01467,C0033,P039,2024-09-07,1,425.74,RETURNED,2024-09-11 00:00:00
O01468,C0153,P008,2024-01-04,4,239.86,RETURNED,2024-01-09 00:00:00
O01469,C0015,P005,2024-05-06,1,472.19,PENDING,2024-05-07 00:00:00
O01470,C0102,P034,2025-08-23,1,898.55,CANCELLED,2025-08-25 00:00:00
O01471,C0056,P039,2024-03-16,2,412.6,PENDING,2024-03-22 00:00:00
O01472,C0010,P045,2024-10-28,,217.85,COMPLETED,2024-11-02 00:00:00
O01473,C0087,P016,2025-03-14,4,377.0,COMPLETED,2025-03-22 00:00:00
O01474,C0033,P028,2024-02-13,1,592.31,COMPLETED,2024-02-21 00:00:00
O01475,C0102,P039,2025-01-30,1,452.95,PENDING,2025-02-02 00:00:00
O01476,C0056,P017,2024-02-23,3,217.24,CANCELLED,2024-02-29 00:00:00
O01477,C0125,P028,2024-05-26,,618.73,PENDING,2024-05-30 00:00:00
O01478,C0062,P020,2025-06-24,1,66.23,PENDING,2025-06-28 00:00:00
O01479,C0141,P048,2025-02-21,2,164.2,PENDING,2025-03-02 00:00:00
O01480,C0171,P024,2024-01-19,,469.37,PENDING,2024-01-28 00:00:00
O01481,C0075,P019,2025-04-08,1,532.3,CANCELLED,2025-04-14 00:00:00
O01482,C0160,P041,2025-08-09,5,302.85,PENDING,2025-08-17 00:00:00
O01483,C0191,P047,2024-04-01,4,300.77,PENDING,2024-04-10 00:00:00
O01484,C0064,P010,2024-10-28,1,444.91,PENDING,2024-11-06 00:00:00
O01485,C0050,P012,2024-07-08,1,523.84,CANCELLED,2024-07-12 00:00:00
O01486,C0111,P026,2025-02-21,1,334.32,RETURNED,2025-02-23 00:00:00
O01487,C0196,P027,2025-03-28,1,278.23,CANCELLED,2025-04-05 00:00:00
O01488,C0170,P039,2024-09-06,,467.38,COMPLETED,2024-09-10 00:00:00
O01489,C0105,P043,2025-08-02,2,575.18,CANCELLED,2025-08-08 00:00:00
O01490,C0174,P010,2024-04-05,3,419.57,RETURNED,2024-04-10 00:00:00
O01491,C0056,P001,2024-04-10,4,65.84,CANCELLED,2024-04-13 00:00:00
O01492,C0087,P049,2024-09-30,2,584.36,PENDING,2024-10-08 00:00:00
O01493,C0008,P011,invalid_date,2,804.26,RETURNED,2024-01-11 00:00:00
O01494,C0017,P004,2025-05-30,4,73.61,CANCELLED,2025-06-08 00:00:00
O01495,C0007,P004,2025-06-24,4,98.87,COMPLETED,2025-06-28 00:00:00
O01496,C0189,P021,2024-06-30,4,677.45,RETURNED,2024-07-10 00:00:00
O01497,C0187,P024,invalid_date,3,599.19,RETURNED,2024-10-12 00:00:00
O01498,C0183,P029,2025-02-16,,654.68,CANCELLED,2025-02-25 00:00:00
O01481,C0075,P019,2025-04-08,1,532.3,RETURNED,2025-03-06 00:00:00
O01499,C0186,P041,2024-02-18,4,265.11,COMPLETED,2024-02-22 00:00:00
O01499,C0186,P041,2024-02-18,4,265.11,COMPLETED,2024-02-22 00:00:00
O01500,C0173,P035,2024-07-22,2,366.42,CANCELLED,2024-07-27 00:00:00
O01501,C0052,P023,2024-04-21,4,569.44,RETURNED,2024-04-21 00:00:00
O01502,C0043,P044,invalid_date,5,246.09,RETURNED,2024-06-19 00:00:00
O01503,C0082,P009,2025-08-10,5,212.88,CANCELLED,2025-08-13 00:00:00
O01504,C0140,P019,2024-02-20,5,429.96,PENDING,2024-02-20 00:00:00
O01505,C0131,P003,2025-03-17,1,84.72,CANCELLED,2025-03-24 00:00:00
O01506,C0027,P026,2024-05-25,1,484.86,RETURNED,2024-06-04 00:00:00
O01507,C0020,P001,2024-04-04,,71.92,CANCELLED,2024-04-05 00:00:00
O01508,C0108,P011,2025-05-18,3,749.37,RETURNED,2025-05-21 00:00:00
O01509,C0060,P035,2025-06-11,1,457.73,PENDING,2025-06-17 00:00:00
O01509,C0060,P035,2025-06-11,1,457.73,PENDING,2025-06-17 00:00:00
O01510,C0193,P029,2025-05-19,1,713.1,RETURNED,2025-05-25 00:00:00
O01511,C0117,P031,2025-05-23,4,616.04,CANCELLED,2025-05-23 00:00:00
O01509,C0060,P035,2025-06-11,1,457.73,COMPLETED,2025-06-04 00:00:00
O01512,C0169,P011,2024-12-23,,574.3,RETURNED,2025-01-02 00:00:00
O01513,C0199,P022,2024-04-17,4,298.05,CANCELLED,2024-04-18 00:00:00
O01514,C0045,P005,2024-12-01,2,542.59,COMPLETED,2024-12-09 00:00:00
O01515,C0069,P016,2025-07-08,5,338.06,COMPLETED,2025-07-10 00:00:00
O01516,C0085,P003,2024-08-23,,69.78,PENDING,2024-08-31 00:00:00
O01517,C0077,P039,2025-06-08,,365.89,COMPLETED,2025-06-12 00:00:00
O01518,C0130,P030,2025-03-27,1,387.19,CANCELLED,2025-04-04 00:00:00
O01519,C0051,P035,2024-07-10,,444.33,PENDING,2024-07-16 00:00:00
O01520,C0017,P047,2025-05-21,4,332.49,CANCELLED,2025-05-30 00:00:00
O01521,C0128,P046,2024-11-23,2,504.48,COMPLETED,2024-12-03 00:00:00
O01522,C0001,P026,2024-08-31,,475.34,COMPLETED,2024-09-10 00:00:00
O01523,C0100,P025,2025-04-12,3,38.71,COMPLETED,2025-04-14 00:00:00
O01524,C0200,P048,2024-10-01,3,227.91,RETURNED,2024-10-08 00:00:00
O01525,C0091,P040,2024-09-09,,578.3,PENDING,2024-09-15 00:00:00
O01526,C0050,P035,2024-04-15,5,352.67,COMPLETED,2024-04-25 00:00:00
O01527,C0137,P049,2024-07-01,4,650.39,CANCELLED,2024-07-10 00:00:00
O01528,C0057,P045,2025-01-13,5,251.38,COMPLETED,2025-01-21 00:00:00
O01529,C0007,P042,2025-01-30,3,244.42,COMPLETED,2025-02-08 00:00:00
O01530,C0175,P019,2024-01-08,2,543.48,COMPLETED,2024-01-18 00:00:00
O01531,C0020,P008,2025-05-10,5,188.62,PENDING,2025-05-19 00:00:00
O01532,C0023,P024,2024-03-31,3,587.13,PENDING,2024-04-05 00:00:00
O01533,C0045,P024,2025-03-05,2,700.84,COMPLETED,2025-03-08 00:00:00
O01534,C0082,P003,2024-09-29,-1,56.82,COMPLETED,2024-10-03 00:00:00
O01535,C0010,P050,2025-01-27,4,763.86,COMPLETED,2025-02-05 00:00:00
O01536,C0155,P047,2024-01-07,4,274.06,PENDING,2024-01-13 00:00:00
O01537,C0085,P036,2025-03-02,4,315.72,RETURNED,2025-03-09 00:00:00
O01538,C0043,P009,2025-06-06,3,252.75,PENDING,2025-06-14 00:00:00
O01539,C0109,P024,2024-10-21,3,492.97,COMPLETED,2024-10-22 00:00:00
O01540,C0086,P002,2024-02-10,1,133.06,PENDING,2024-02-20 00:00:00
O01541,C0060,P005,2024-04-28,2,521.14,COMPLETED,2024-05-01 00:00:00
O01541,C0060,P005,2024-04-28,2,521.14,COMPLETED,2024-05-01 00:00:00
O01542,C0009,P034,2025-03-11,,613.49,COMPLETED,2025-03-15 00:00:00
O01543,C0135,P040,2025-05-17,5,859.9,CANCELLED,2025-05-23 00:00:00
O01544,C0113,P047,2025-02-27,,254.18,PENDING,2025-03-07 00:00:00
O01545,C0095,P019,2025-06-22,1,589.3,COMPLETED,2025-06-24 00:00:00
O01546,C0052,P039,2024-01-08,,490.59,COMPLETED,2024-01-14 00:00:00
O01547,C0134,P016,2024-06-12,4,339.02,PENDING,2024-06-12 00:00:00
O01548,C0104,P034,2025-04-11,,612.98,PENDING,2025-04-18 00:00:00
O01549,C0093,P036,2024-05-18,4,405.36,COMPLETED,2024-05-23 00:00:00
O01550,C0199,P043,2025-07-21,4,503.29,COMPLETED,2025-07-29 00:00:00
O01551,C0031,P042,2025-04-13,1,203.07,CANCELLED,2025-04-22 00:00:00
O01552,C0008,P021,2025-08-13,2,802.97,CANCELLED,2025-08-19 00:00:00
O01553,C0188,P028,2025-08-22,,453.9,CANCELLED,2025-08-25 00:00:00
O01554,C0094,P045,2025-07-07,5,219.9,PENDING,2025-07-11 00:00:00
O01555,C0166,P030,2024-08-12,4,304.86,CANCELLED,2024-08-12 00:00:00
O01556,C0065,P037,2024-04-29,4,647.7,RETURNED,2024-04-29 00:00:00
O01557,C0018,P011,2025-04-24,2,823.66,COMPLETED,2025-04-27 00:00:00
O01558,C0084,P009,2025-06-15,5,188.09,COMPLETED,2025-06-17 00:00:00
O01559,C0186,P004,2024-02-08,2,81.81,RETURNED,2024-02-17 00:00:00
O01560,C0120,P034,2025-03-24,5,623.44,PENDING,2025-04-03 00:00:00
O01561,C0164,P035,2024-02-11,1,375.77,PENDING,2024-02-14 00:00:00
O01562,C0147,P037,2024-03-09,4,784.09,CANCELLED,2024-03-18 00:00:00
O01563,C0006,P050,2024-06-20,5,697.7,PENDING,2024-06-30 00:00:00
O01563,C0006,P050,2024-06-20,5,697.7,PENDING,2024-06-30 00:00:00
O01564,C0123,P018,2025-06-07,,225.62,CANCELLED,2025-06-07 00:00:00
O01565,C0022,P014,2024-04-05,4,146.08,RETURNED,2024-04-05 00:00:00
O01566,C0030,P014,2025-04-16,,201.29,CANCELLED,2025-04-16 00:00:00
O01567,C0173,P006,2025-02-16,4,676.54,COMPLETED,2025-02-17 00:00:00
O01553,C0188,P028,2025-08-22,,453.9,RETURNED,2025-03-04 00:00:00
O01568,C0170,P048,2024-09-11,4,199.6,CANCELLED,2024-09-11 00:00:00
O01569,C0098,P022,2024-07-02,1,369.22,PENDING,2024-07-10 00:00:00
O01570,C0073,P012,2024-01-24,3,496.53,CANCELLED,2024-01-29 00:00:00
O01571,C0084,P009,2025-01-19,3,263.6,CANCELLED,2025-01-24 00:00:00
O01572,C0098,P005,2024-01-02,,381.48,PENDING,2024-01-04 00:00:00
O01573,C0005,P050,2024-05-01,4,534.28,PENDING,2024-05-09 00:00:00
O01574,C0079,P049,2024-01-28,2,559.22,CANCELLED,2024-01-28 00:00:00
O01575,C0014,P028,2024-06-14,5,515.48,PENDING,2024-06-14 00:00:00
O01576,C0114,P047,2025-03-17,1,348.33,RETURNED,2025-03-20 00:00:00
O01577,C0136,P042,2024-12-16,1,289.65,CANCELLED,2024-12-26 00:00:00
O01553,C0188,P028,2025-08-22,,453.9,COMPLETED,2024-12-30 00:00:00
O01578,C0016,P008,2025-01-06,-1,210.61,RETURNED,2025-01-15 00:00:00
O01579,C0095,P028,2024-03-07,3,523.38,PENDING,2024-03-12 00:00:00
O01580,C0064,P017,2024-05-20,1,190.31,RETURNED,2024-05-20 00:00:00
O01581,C0197,P008,2024-05-05,5,170.25,RETURNED,2024-05-13 00:00:00
O01582,C0071,P049,2024-06-14,4,548.24,COMPLETED,2024-06-22 00:00:00
O01583,C0094,P029,2024-02-01,5,554.5,PENDING,2024-02-01 00:00:00
O01584,C0011,P027,2024-02-25,2,280.29,COMPLETED,2024-02-25 00:00:00
O01585,C0136,P018,2025-02-14,2,235.12,COMPLETED,2025-02-14 00:00:00
O01586,C0137,P034,2025-03-12,4,758.34,RETURNED,2025-03-12 00:00:00
O01587,C0086,P013,2025-02-16,2,553.26,RETURNED,2025-02-20 00:00:00
O01588,C0112,P010,2024-03-06,5,515.83,RETURNED,2024-03-06 00:00:00
O01588,C0112,P010,2024-03-06,5,515.83,RETURNED,2024-03-06 00:00:00
O01589,C0104,P027,2024-12-04,3,248.5,COMPLETED,2024-12-05 00:00:00
O01590,C0171,P030,invalid_date,3,345.52,CANCELLED,2024-02-16 00:00:00
O01591,C0184,P037,2024-10-03,,605.41,COMPLETED,2024-10-08 00:00:00
O01592,C0157,P039,2024-10-31,5,484.75,RETURNED,2024-11-06 00:00:00
O01593,C0127,P041,2024-07-22,1,249.43,COMPLETED,2024-07-28 00:00:00
O01594,C0075,P007,2024-04-11,4,328.2,COMPLETED,2024-04-18 00:00:00
O01595,C0060,P012,2024-07-06,4,497.81,PENDING,2024-07-15 00:00:00
O01596,C0157,P029,2024-09-27,1,661.0,CANCELLED,2024-09-27 00:00:00
O01597,C0118,P035,2024-04-01,1,490.13,COMPLETED,2024-04-11 00:00:00
O01598,C0025,P035,2024-08-28,1,461.85,RETURNED,2024-08-30 00:00:00
O01599,C0114,P002,2025-05-30,5,142.19,COMPLETED,2025-05-31 00:00:00
O01600,C0067,P020,2024-05-03,2,69.04,PENDING,2024-05-11 00:00:00
